match_id,team1,team2,team1_score,team2_score,season,match_won_by,toss_winner,toss_decision,venue,city,total_runs,win_margin,is_chase_win,season_year
335982,Kolkata Knight Riders,Royal Challengers Bangalore,222.0,82.0,2007/08,Kolkata Knight Riders,Royal Challengers Bangalore,field,M Chinnaswamy Stadium,Bangalore,304.0,140.0,False,2007
335983,Chennai Super Kings,Kings XI Punjab,240.0,207.0,2007/08,Chennai Super Kings,Chennai Super Kings,bat,"Punjab Cricket Association Stadium, Mohali",Chandigarh,447.0,33.0,False,2007
335984,Rajasthan Royals,Delhi Daredevils,129.0,132.0,2007/08,Delhi Daredevils,Rajasthan Royals,bat,Feroz Shah Kotla,Delhi,261.0,3.0,True,2007
335985,Mumbai Indians,Royal Challengers Bangalore,165.0,166.0,2007/08,Royal Challengers Bangalore,Mumbai Indians,bat,Wankhede Stadium,Mumbai,331.0,1.0,True,2007
335986,Deccan Chargers,Kolkata Knight Riders,110.0,112.0,2007/08,Kolkata Knight Riders,Deccan Chargers,bat,Eden Gardens,Kolkata,222.0,2.0,True,2007
335987,Kings XI Punjab,Rajasthan Royals,166.0,168.0,2007/08,Rajasthan Royals,Kings XI Punjab,bat,Sawai Mansingh Stadium,Jaipur,334.0,2.0,True,2007
335988,Deccan Chargers,Delhi Daredevils,142.0,143.0,2007/08,Delhi Daredevils,Deccan Chargers,bat,"Rajiv Gandhi International Stadium, Uppal",Hyderabad,285.0,1.0,True,2007
335989,Chennai Super Kings,Mumbai Indians,208.0,202.0,2007/08,Chennai Super Kings,Mumbai Indians,field,"MA Chidambaram Stadium, Chepauk",Chennai,410.0,6.0,False,2007
335990,Deccan Chargers,Rajasthan Royals,214.0,217.0,2007/08,Rajasthan Royals,Rajasthan Royals,field,"Rajiv Gandhi International Stadium, Uppal",Hyderabad,431.0,3.0,True,2007
335991,Kings XI Punjab,Mumbai Indians,182.0,116.0,2007/08,Kings XI Punjab,Mumbai Indians,field,"Punjab Cricket Association Stadium, Mohali",Chandigarh,298.0,66.0,False,2007
335992,Royal Challengers Bangalore,Rajasthan Royals,135.0,138.0,2007/08,Rajasthan Royals,Rajasthan Royals,field,M Chinnaswamy Stadium,Bangalore,273.0,3.0,True,2007
335993,Kolkata Knight Riders,Chennai Super Kings,147.0,152.0,2007/08,Chennai Super Kings,Kolkata Knight Riders,bat,"MA Chidambaram Stadium, Chepauk",Chennai,299.0,5.0,True,2007
335994,Mumbai Indians,Deccan Chargers,154.0,155.0,2007/08,Deccan Chargers,Deccan Chargers,field,Dr DY Patil Sports Academy,Mumbai,309.0,1.0,True,2007
335995,Delhi Daredevils,Kings XI Punjab,158.0,162.0,2007/08,Kings XI Punjab,Delhi Daredevils,bat,"Punjab Cricket Association Stadium, Mohali",Chandigarh,320.0,4.0,True,2007
335996,Chennai Super Kings,Royal Challengers Bangalore,178.0,165.0,2007/08,Chennai Super Kings,Chennai Super Kings,bat,M Chinnaswamy Stadium,Bangalore,343.0,13.0,False,2007
335997,Kolkata Knight Riders,Mumbai Indians,137.0,138.0,2007/08,Mumbai Indians,Kolkata Knight Riders,bat,Eden Gardens,Kolkata,275.0,1.0,True,2007
335998,Delhi Daredevils,Royal Challengers Bangalore,191.0,181.0,2007/08,Delhi Daredevils,Royal Challengers Bangalore,field,Feroz Shah Kotla,Delhi,372.0,10.0,False,2007
335999,Deccan Chargers,Kings XI Punjab,164.0,167.0,2007/08,Kings XI Punjab,Kings XI Punjab,field,"Rajiv Gandhi International Stadium, Uppal",Hyderabad,331.0,3.0,True,2007
336000,Rajasthan Royals,Kolkata Knight Riders,196.0,151.0,2007/08,Rajasthan Royals,Rajasthan Royals,bat,Sawai Mansingh Stadium,Jaipur,347.0,45.0,False,2007
336001,Chennai Super Kings,Delhi Daredevils,169.0,172.0,2007/08,Delhi Daredevils,Chennai Super Kings,bat,"MA Chidambaram Stadium, Chepauk",Chennai,341.0,3.0,True,2007
336002,Deccan Chargers,Royal Challengers Bangalore,165.0,171.0,2007/08,Royal Challengers Bangalore,Deccan Chargers,bat,"Rajiv Gandhi International Stadium, Uppal",Hyderabad,336.0,6.0,True,2007
336003,Kings XI Punjab,Kolkata Knight Riders,178.0,169.0,2007/08,Kings XI Punjab,Kings XI Punjab,bat,"Punjab Cricket Association Stadium, Mohali",Chandigarh,347.0,9.0,False,2007
336004,Mumbai Indians,Delhi Daredevils,162.0,133.0,2007/08,Mumbai Indians,Delhi Daredevils,field,Dr DY Patil Sports Academy,Mumbai,295.0,29.0,False,2007
336005,Chennai Super Kings,Rajasthan Royals,109.0,110.0,2007/08,Rajasthan Royals,Chennai Super Kings,bat,Sawai Mansingh Stadium,Jaipur,219.0,1.0,True,2007
336006,Royal Challengers Bangalore,Kings XI Punjab,126.0,127.0,2007/08,Kings XI Punjab,Kings XI Punjab,field,M Chinnaswamy Stadium,Bangalore,253.0,1.0,True,2007
336007,Chennai Super Kings,Deccan Chargers,144.0,148.0,2007/08,Deccan Chargers,Deccan Chargers,field,"MA Chidambaram Stadium, Chepauk",Chennai,292.0,4.0,True,2007
336008,Rajasthan Royals,Mumbai Indians,103.0,104.0,2007/08,Mumbai Indians,Mumbai Indians,field,Dr DY Patil Sports Academy,Mumbai,207.0,1.0,True,2007
336009,Delhi Daredevils,Chennai Super Kings,187.0,188.0,2007/08,Chennai Super Kings,Chennai Super Kings,field,Feroz Shah Kotla,Delhi,375.0,1.0,True,2007
336010,Kolkata Knight Riders,Royal Challengers Bangalore,129.0,124.0,2007/08,Kolkata Knight Riders,Kolkata Knight Riders,bat,Eden Gardens,Kolkata,253.0,5.0,False,2007
336011,Deccan Chargers,Rajasthan Royals,140.0,141.0,2007/08,Rajasthan Royals,Rajasthan Royals,field,Sawai Mansingh Stadium,Jaipur,281.0,1.0,True,2007
336012,Royal Challengers Bangalore,Mumbai Indians,122.0,126.0,2007/08,Mumbai Indians,Mumbai Indians,field,M Chinnaswamy Stadium,Bangalore,248.0,4.0,True,2007
336013,Chennai Super Kings,Kings XI Punjab,181.0,163.0,2007/08,Chennai Super Kings,Kings XI Punjab,field,"MA Chidambaram Stadium, Chepauk",Chennai,344.0,18.0,False,2007
336014,Kolkata Knight Riders,Deccan Chargers,204.0,181.0,2007/08,Kolkata Knight Riders,Kolkata Knight Riders,bat,"Rajiv Gandhi International Stadium, Uppal",Hyderabad,385.0,23.0,False,2007
336015,Delhi Daredevils,Rajasthan Royals,156.0,159.0,2007/08,Rajasthan Royals,Rajasthan Royals,field,Sawai Mansingh Stadium,Jaipur,315.0,3.0,True,2007
336016,Royal Challengers Bangalore,Kings XI Punjab,143.0,144.0,2007/08,Kings XI Punjab,Royal Challengers Bangalore,bat,"Punjab Cricket Association Stadium, Mohali",Chandigarh,287.0,1.0,True,2007
336017,Kolkata Knight Riders,Delhi Daredevils,133.0,110.0,2007/08,Kolkata Knight Riders,Kolkata Knight Riders,bat,Eden Gardens,Kolkata,243.0,23.0,False,2007
336018,Chennai Super Kings,Mumbai Indians,156.0,158.0,2007/08,Mumbai Indians,Mumbai Indians,field,Wankhede Stadium,Mumbai,314.0,2.0,True,2007
336019,Kings XI Punjab,Rajasthan Royals,221.0,180.0,2007/08,Kings XI Punjab,Rajasthan Royals,field,"Punjab Cricket Association Stadium, Mohali",Chandigarh,401.0,41.0,False,2007
336020,Delhi Daredevils,Deccan Chargers,194.0,182.0,2007/08,Delhi Daredevils,Deccan Chargers,field,Feroz Shah Kotla,Delhi,376.0,12.0,False,2007
336021,Kolkata Knight Riders,Mumbai Indians,67.0,68.0,2007/08,Mumbai Indians,Mumbai Indians,field,Wankhede Stadium,Mumbai,135.0,1.0,True,2007
336022,Delhi Daredevils,Kings XI Punjab,118.0,94.0,2007/08,Kings XI Punjab,Delhi Daredevils,bat,Feroz Shah Kotla,Delhi,212.0,24.0,True,2007
336023,Rajasthan Royals,Royal Challengers Bangalore,197.0,132.0,2007/08,Rajasthan Royals,Royal Challengers Bangalore,field,Sawai Mansingh Stadium,Jaipur,329.0,65.0,False,2007
336024,Mumbai Indians,Deccan Chargers,178.0,153.0,2007/08,Mumbai Indians,Deccan Chargers,field,"Rajiv Gandhi International Stadium, Uppal",Hyderabad,331.0,25.0,False,2007
336025,Kolkata Knight Riders,Chennai Super Kings,149.0,55.0,2007/08,Chennai Super Kings,Kolkata Knight Riders,bat,Eden Gardens,Kolkata,204.0,94.0,True,2007
336026,Royal Challengers Bangalore,Delhi Daredevils,154.0,158.0,2007/08,Delhi Daredevils,Delhi Daredevils,field,M Chinnaswamy Stadium,Bangalore,312.0,4.0,True,2007
336027,Kolkata Knight Riders,Rajasthan Royals,147.0,150.0,2007/08,Rajasthan Royals,Rajasthan Royals,field,Eden Gardens,Kolkata,297.0,3.0,True,2007
336028,Kings XI Punjab,Mumbai Indians,189.0,188.0,2007/08,Kings XI Punjab,Mumbai Indians,field,Wankhede Stadium,Mumbai,377.0,1.0,False,2007
336029,Royal Challengers Bangalore,Chennai Super Kings,126.0,112.0,2007/08,Royal Challengers Bangalore,Royal Challengers Bangalore,bat,"MA Chidambaram Stadium, Chepauk",Chennai,238.0,14.0,False,2007
336031,Deccan Chargers,Kings XI Punjab,175.0,178.0,2007/08,Kings XI Punjab,Kings XI Punjab,field,"Punjab Cricket Association Stadium, Mohali",Chandigarh,353.0,3.0,True,2007
336032,Mumbai Indians,Delhi Daredevils,176.0,179.0,2007/08,Delhi Daredevils,Delhi Daredevils,field,Feroz Shah Kotla,Delhi,355.0,3.0,True,2007
336033,Rajasthan Royals,Chennai Super Kings,211.0,201.0,2007/08,Rajasthan Royals,Rajasthan Royals,bat,"MA Chidambaram Stadium, Chepauk",Chennai,412.0,10.0,False,2007
336034,Royal Challengers Bangalore,Deccan Chargers,156.0,153.0,2007/08,Royal Challengers Bangalore,Deccan Chargers,field,M Chinnaswamy Stadium,Bangalore,309.0,3.0,False,2007
336035,Kings XI Punjab,Kolkata Knight Riders,174.0,175.0,2007/08,Kolkata Knight Riders,Kings XI Punjab,bat,Eden Gardens,Kolkata,349.0,1.0,True,2007
336036,Mumbai Indians,Rajasthan Royals,145.0,146.0,2007/08,Rajasthan Royals,Rajasthan Royals,field,Sawai Mansingh Stadium,Jaipur,291.0,1.0,True,2007
336037,Deccan Chargers,Chennai Super Kings,147.0,148.0,2007/08,Chennai Super Kings,Deccan Chargers,bat,"Rajiv Gandhi International Stadium, Uppal",Hyderabad,295.0,1.0,True,2007
336038,Rajasthan Royals,Delhi Daredevils,192.0,87.0,2007/08,Rajasthan Royals,Delhi Daredevils,field,Wankhede Stadium,Mumbai,279.0,105.0,False,2007
336039,Kings XI Punjab,Chennai Super Kings,112.0,116.0,2007/08,Chennai Super Kings,Kings XI Punjab,bat,Wankhede Stadium,Mumbai,228.0,4.0,True,2007
336040,Chennai Super Kings,Rajasthan Royals,163.0,164.0,2007/08,Rajasthan Royals,Rajasthan Royals,field,Dr DY Patil Sports Academy,Mumbai,327.0,1.0,True,2007
392181,Mumbai Indians,Chennai Super Kings,165.0,146.0,2009,Mumbai Indians,Chennai Super Kings,field,Newlands,Cape Town,311.0,19.0,False,2009
392182,Royal Challengers Bangalore,Rajasthan Royals,133.0,58.0,2009,Royal Challengers Bangalore,Royal Challengers Bangalore,bat,Newlands,Cape Town,191.0,75.0,False,2009
392183,Kings XI Punjab,Delhi Daredevils,104.0,58.0,2009,Delhi Daredevils,Delhi Daredevils,field,Newlands,Cape Town,162.0,46.0,True,2009
392184,Kolkata Knight Riders,Deccan Chargers,101.0,104.0,2009,Deccan Chargers,Kolkata Knight Riders,bat,Newlands,Cape Town,205.0,3.0,True,2009
392185,Chennai Super Kings,Royal Challengers Bangalore,179.0,87.0,2009,Chennai Super Kings,Chennai Super Kings,bat,St George's Park,Port Elizabeth,266.0,92.0,False,2009
392186,Kings XI Punjab,Kolkata Knight Riders,158.0,79.0,2009,Kolkata Knight Riders,Kolkata Knight Riders,field,Kingsmead,Durban,237.0,79.0,True,2009
392188,Deccan Chargers,Royal Challengers Bangalore,184.0,160.0,2009,Deccan Chargers,Deccan Chargers,bat,Newlands,Cape Town,344.0,24.0,False,2009
392189,Delhi Daredevils,Chennai Super Kings,189.0,180.0,2009,Delhi Daredevils,Delhi Daredevils,bat,Kingsmead,Durban,369.0,9.0,False,2009
392190,Rajasthan Royals,Kolkata Knight Riders,150.0,150.0,2009,Unknown,Kolkata Knight Riders,field,Newlands,Cape Town,300.0,0.0,False,2009
392191,Royal Challengers Bangalore,Kings XI Punjab,168.0,173.0,2009,Kings XI Punjab,Royal Challengers Bangalore,bat,Kingsmead,Durban,341.0,5.0,True,2009
392192,Deccan Chargers,Mumbai Indians,168.0,156.0,2009,Deccan Chargers,Deccan Chargers,bat,Kingsmead,Durban,324.0,12.0,False,2009
392194,Royal Challengers Bangalore,Delhi Daredevils,149.0,150.0,2009,Delhi Daredevils,Royal Challengers Bangalore,bat,St George's Park,Port Elizabeth,299.0,1.0,True,2009
392195,Kings XI Punjab,Rajasthan Royals,139.0,112.0,2009,Kings XI Punjab,Kings XI Punjab,bat,Newlands,Cape Town,251.0,27.0,False,2009
392196,Chennai Super Kings,Deccan Chargers,165.0,169.0,2009,Deccan Chargers,Deccan Chargers,field,Kingsmead,Durban,334.0,4.0,True,2009
392197,Mumbai Indians,Kolkata Knight Riders,187.0,95.0,2009,Mumbai Indians,Mumbai Indians,bat,St George's Park,Port Elizabeth,282.0,92.0,False,2009
392198,Delhi Daredevils,Rajasthan Royals,143.0,147.0,2009,Rajasthan Royals,Delhi Daredevils,bat,SuperSport Park,Centurion,290.0,4.0,True,2009
392199,Kolkata Knight Riders,Royal Challengers Bangalore,139.0,143.0,2009,Royal Challengers Bangalore,Kolkata Knight Riders,bat,Kingsmead,Durban,282.0,4.0,True,2009
392200,Kings XI Punjab,Mumbai Indians,119.0,116.0,2009,Kings XI Punjab,Kings XI Punjab,bat,Kingsmead,Durban,235.0,3.0,False,2009
392201,Deccan Chargers,Delhi Daredevils,148.0,150.0,2009,Delhi Daredevils,Delhi Daredevils,field,SuperSport Park,Centurion,298.0,2.0,True,2009
392202,Chennai Super Kings,Rajasthan Royals,164.0,126.0,2009,Chennai Super Kings,Rajasthan Royals,field,SuperSport Park,Centurion,290.0,38.0,False,2009
392203,Mumbai Indians,Kolkata Knight Riders,148.0,139.0,2009,Mumbai Indians,Mumbai Indians,bat,Buffalo Park,East London,287.0,9.0,False,2009
392204,Royal Challengers Bangalore,Kings XI Punjab,145.0,137.0,2009,Royal Challengers Bangalore,Royal Challengers Bangalore,bat,Kingsmead,Durban,282.0,8.0,False,2009
392205,Deccan Chargers,Rajasthan Royals,141.0,142.0,2009,Rajasthan Royals,Deccan Chargers,bat,St George's Park,Port Elizabeth,283.0,1.0,True,2009
392206,Chennai Super Kings,Delhi Daredevils,163.0,145.0,2009,Chennai Super Kings,Delhi Daredevils,field,New Wanderers Stadium,Johannesburg,308.0,18.0,False,2009
392207,Kolkata Knight Riders,Kings XI Punjab,153.0,154.0,2009,Kings XI Punjab,Kolkata Knight Riders,bat,St George's Park,Port Elizabeth,307.0,1.0,True,2009
392208,Mumbai Indians,Royal Challengers Bangalore,149.0,150.0,2009,Royal Challengers Bangalore,Mumbai Indians,bat,New Wanderers Stadium,Johannesburg,299.0,1.0,True,2009
392209,Chennai Super Kings,Deccan Chargers,178.0,100.0,2009,Chennai Super Kings,Chennai Super Kings,bat,Buffalo Park,East London,278.0,78.0,False,2009
392210,Rajasthan Royals,Kings XI Punjab,211.0,133.0,2009,Rajasthan Royals,Kings XI Punjab,field,Kingsmead,Durban,344.0,78.0,False,2009
392211,Kolkata Knight Riders,Delhi Daredevils,154.0,157.0,2009,Delhi Daredevils,Kolkata Knight Riders,bat,Kingsmead,Durban,311.0,3.0,True,2009
392212,Deccan Chargers,Mumbai Indians,145.0,126.0,2009,Deccan Chargers,Deccan Chargers,bat,SuperSport Park,Centurion,271.0,19.0,False,2009
392213,Royal Challengers Bangalore,Rajasthan Royals,105.0,107.0,2009,Rajasthan Royals,Rajasthan Royals,field,SuperSport Park,Centurion,212.0,2.0,True,2009
392214,Chennai Super Kings,Kings XI Punjab,185.0,174.0,2009,Chennai Super Kings,Chennai Super Kings,bat,SuperSport Park,Centurion,359.0,11.0,False,2009
392215,Mumbai Indians,Delhi Daredevils,116.0,118.0,2009,Delhi Daredevils,Mumbai Indians,bat,Buffalo Park,East London,234.0,2.0,True,2009
392216,Deccan Chargers,Kings XI Punjab,168.0,169.0,2009,Kings XI Punjab,Kings XI Punjab,field,De Beers Diamond Oval,Kimberley,337.0,1.0,True,2009
392217,Rajasthan Royals,Chennai Super Kings,140.0,141.0,2009,Chennai Super Kings,Rajasthan Royals,bat,De Beers Diamond Oval,Kimberley,281.0,1.0,True,2009
392218,Mumbai Indians,Royal Challengers Bangalore,157.0,141.0,2009,Mumbai Indians,Mumbai Indians,bat,St George's Park,Port Elizabeth,298.0,16.0,False,2009
392219,Kolkata Knight Riders,Delhi Daredevils,123.0,125.0,2009,Delhi Daredevils,Delhi Daredevils,field,New Wanderers Stadium,Johannesburg,248.0,2.0,True,2009
392220,Deccan Chargers,Rajasthan Royals,166.0,113.0,2009,Deccan Chargers,Deccan Chargers,bat,De Beers Diamond Oval,Kimberley,279.0,53.0,False,2009
392221,Kolkata Knight Riders,Royal Challengers Bangalore,173.0,176.0,2009,Royal Challengers Bangalore,Royal Challengers Bangalore,field,SuperSport Park,Centurion,349.0,3.0,True,2009
392222,Kings XI Punjab,Mumbai Indians,119.0,122.0,2009,Mumbai Indians,Kings XI Punjab,bat,SuperSport Park,Centurion,241.0,3.0,True,2009
392223,Delhi Daredevils,Deccan Chargers,173.0,161.0,2009,Delhi Daredevils,Deccan Chargers,field,Kingsmead,Durban,334.0,12.0,False,2009
392224,Chennai Super Kings,Royal Challengers Bangalore,129.0,132.0,2009,Royal Challengers Bangalore,Chennai Super Kings,bat,Kingsmead,Durban,261.0,3.0,True,2009
392225,Rajasthan Royals,Mumbai Indians,145.0,143.0,2009,Rajasthan Royals,Rajasthan Royals,bat,Kingsmead,Durban,288.0,2.0,False,2009
392226,Delhi Daredevils,Kings XI Punjab,120.0,123.0,2009,Kings XI Punjab,Kings XI Punjab,field,OUTsurance Oval,Bloemfontein,243.0,3.0,True,2009
392227,Mumbai Indians,Chennai Super Kings,147.0,151.0,2009,Chennai Super Kings,Mumbai Indians,bat,St George's Park,Port Elizabeth,298.0,4.0,True,2009
392228,Kolkata Knight Riders,Deccan Chargers,160.0,166.0,2009,Deccan Chargers,Deccan Chargers,field,New Wanderers Stadium,Johannesburg,326.0,6.0,True,2009
392229,Kings XI Punjab,Deccan Chargers,134.0,133.0,2009,Kings XI Punjab,Deccan Chargers,field,New Wanderers Stadium,Johannesburg,267.0,1.0,False,2009
392230,Delhi Daredevils,Rajasthan Royals,150.0,136.0,2009,Delhi Daredevils,Delhi Daredevils,bat,OUTsurance Oval,Bloemfontein,286.0,14.0,False,2009
392231,Chennai Super Kings,Kolkata Knight Riders,188.0,189.0,2009,Kolkata Knight Riders,Chennai Super Kings,bat,SuperSport Park,Centurion,377.0,1.0,True,2009
392232,Delhi Daredevils,Royal Challengers Bangalore,134.0,135.0,2009,Royal Challengers Bangalore,Delhi Daredevils,bat,New Wanderers Stadium,Johannesburg,269.0,1.0,True,2009
392233,Rajasthan Royals,Kolkata Knight Riders,101.0,102.0,2009,Kolkata Knight Riders,Kolkata Knight Riders,field,Kingsmead,Durban,203.0,1.0,True,2009
392234,Chennai Super Kings,Kings XI Punjab,116.0,92.0,2009,Chennai Super Kings,Chennai Super Kings,bat,Kingsmead,Durban,208.0,24.0,False,2009
392235,Mumbai Indians,Delhi Daredevils,165.0,166.0,2009,Delhi Daredevils,Delhi Daredevils,field,SuperSport Park,Centurion,331.0,1.0,True,2009
392236,Royal Challengers Bangalore,Deccan Chargers,170.0,158.0,2009,Royal Challengers Bangalore,Royal Challengers Bangalore,bat,SuperSport Park,Centurion,328.0,12.0,False,2009
392237,Delhi Daredevils,Deccan Chargers,153.0,154.0,2009,Deccan Chargers,Deccan Chargers,field,SuperSport Park,Centurion,307.0,1.0,True,2009
392238,Chennai Super Kings,Royal Challengers Bangalore,146.0,149.0,2009,Royal Challengers Bangalore,Royal Challengers Bangalore,field,New Wanderers Stadium,Johannesburg,295.0,3.0,True,2009
392239,Deccan Chargers,Royal Challengers Bangalore,143.0,137.0,2009,Deccan Chargers,Royal Challengers Bangalore,field,New Wanderers Stadium,Johannesburg,280.0,6.0,False,2009
419106,Kolkata Knight Riders,Deccan Chargers,161.0,150.0,2009/10,Kolkata Knight Riders,Deccan Chargers,field,Dr DY Patil Sports Academy,Mumbai,311.0,11.0,False,2009
419107,Mumbai Indians,Rajasthan Royals,212.0,208.0,2009/10,Mumbai Indians,Mumbai Indians,bat,Brabourne Stadium,Mumbai,420.0,4.0,False,2009
419108,Kings XI Punjab,Delhi Daredevils,142.0,146.0,2009/10,Delhi Daredevils,Delhi Daredevils,field,"Punjab Cricket Association Stadium, Mohali",Chandigarh,288.0,4.0,True,2009
419109,Royal Challengers Bangalore,Kolkata Knight Riders,135.0,136.0,2009/10,Kolkata Knight Riders,Kolkata Knight Riders,field,Eden Gardens,Kolkata,271.0,1.0,True,2009
419110,Deccan Chargers,Chennai Super Kings,190.0,159.0,2009/10,Deccan Chargers,Deccan Chargers,bat,"MA Chidambaram Stadium, Chepauk",Chennai,349.0,31.0,False,2009
419111,Rajasthan Royals,Delhi Daredevils,141.0,142.0,2009/10,Delhi Daredevils,Delhi Daredevils,field,"Sardar Patel Stadium, Motera",Ahmedabad,283.0,1.0,True,2009
419112,Kings XI Punjab,Royal Challengers Bangalore,203.0,204.0,2009/10,Royal Challengers Bangalore,Kings XI Punjab,bat,M Chinnaswamy Stadium,Bangalore,407.0,1.0,True,2009
419113,Chennai Super Kings,Kolkata Knight Riders,164.0,109.0,2009/10,Chennai Super Kings,Chennai Super Kings,bat,Eden Gardens,Kolkata,273.0,55.0,False,2009
419114,Mumbai Indians,Delhi Daredevils,218.0,120.0,2009/10,Mumbai Indians,Delhi Daredevils,field,Feroz Shah Kotla,Delhi,338.0,98.0,False,2009
419115,Rajasthan Royals,Royal Challengers Bangalore,92.0,93.0,2009/10,Royal Challengers Bangalore,Royal Challengers Bangalore,field,M Chinnaswamy Stadium,Bangalore,185.0,1.0,True,2009
419116,Delhi Daredevils,Chennai Super Kings,185.0,190.0,2009/10,Chennai Super Kings,Delhi Daredevils,bat,Feroz Shah Kotla,Delhi,375.0,5.0,True,2009
419117,Deccan Chargers,Kings XI Punjab,170.0,164.0,2009/10,Deccan Chargers,Kings XI Punjab,field,Barabati Stadium,Cuttack,334.0,6.0,False,2009
419118,Rajasthan Royals,Kolkata Knight Riders,168.0,134.0,2009/10,Rajasthan Royals,Rajasthan Royals,bat,"Sardar Patel Stadium, Motera",Ahmedabad,302.0,34.0,False,2009
419119,Mumbai Indians,Royal Challengers Bangalore,151.0,155.0,2009/10,Royal Challengers Bangalore,Mumbai Indians,bat,Brabourne Stadium,Mumbai,306.0,4.0,True,2009
419120,Deccan Chargers,Delhi Daredevils,171.0,161.0,2009/10,Deccan Chargers,Deccan Chargers,bat,Barabati Stadium,Cuttack,332.0,10.0,False,2009
419121,Kings XI Punjab,Chennai Super Kings,136.0,136.0,2009/10,Unknown,Chennai Super Kings,field,"MA Chidambaram Stadium, Chepauk",Chennai,272.0,0.0,False,2009
419122,Kolkata Knight Riders,Mumbai Indians,155.0,156.0,2009/10,Mumbai Indians,Kolkata Knight Riders,bat,Brabourne Stadium,Mumbai,311.0,1.0,True,2009
419123,Royal Challengers Bangalore,Chennai Super Kings,171.0,135.0,2009/10,Royal Challengers Bangalore,Chennai Super Kings,field,M Chinnaswamy Stadium,Bangalore,306.0,36.0,False,2009
419124,Rajasthan Royals,Kings XI Punjab,183.0,152.0,2009/10,Rajasthan Royals,Kings XI Punjab,field,"Punjab Cricket Association Stadium, Mohali",Chandigarh,335.0,31.0,False,2009
419125,Chennai Super Kings,Mumbai Indians,180.0,181.0,2009/10,Mumbai Indians,Mumbai Indians,field,"Brabourne Stadium, Mumbai",Mumbai,361.0,1.0,True,2009
419126,Deccan Chargers,Rajasthan Royals,148.0,151.0,2009/10,Rajasthan Royals,Deccan Chargers,bat,"Sardar Patel Stadium, Motera",Ahmedabad,299.0,3.0,True,2009
419127,Kolkata Knight Riders,Kings XI Punjab,183.0,144.0,2009/10,Kolkata Knight Riders,Kolkata Knight Riders,bat,"Punjab Cricket Association Stadium, Mohali",Chandigarh,327.0,39.0,False,2009
419128,Delhi Daredevils,Royal Challengers Bangalore,183.0,166.0,2009/10,Delhi Daredevils,Royal Challengers Bangalore,field,M Chinnaswamy Stadium,Bangalore,349.0,17.0,False,2009
419129,Rajasthan Royals,Chennai Super Kings,177.0,160.0,2009/10,Rajasthan Royals,Rajasthan Royals,bat,"Sardar Patel Stadium, Motera",Ahmedabad,337.0,17.0,False,2009
419130,Mumbai Indians,Deccan Chargers,172.0,131.0,2009/10,Mumbai Indians,Deccan Chargers,field,Dr DY Patil Sports Academy,Mumbai,303.0,41.0,False,2009
419131,Delhi Daredevils,Kolkata Knight Riders,177.0,137.0,2009/10,Delhi Daredevils,Delhi Daredevils,bat,Feroz Shah Kotla,Delhi,314.0,40.0,False,2009
419132,Kings XI Punjab,Mumbai Indians,163.0,164.0,2009/10,Mumbai Indians,Mumbai Indians,field,Brabourne Stadium,Mumbai,327.0,1.0,True,2009
419133,Royal Challengers Bangalore,Chennai Super Kings,161.0,162.0,2009/10,Chennai Super Kings,Royal Challengers Bangalore,bat,"MA Chidambaram Stadium, Chepauk",Chennai,323.0,1.0,True,2009
419134,Delhi Daredevils,Rajasthan Royals,188.0,121.0,2009/10,Delhi Daredevils,Delhi Daredevils,bat,Feroz Shah Kotla,Delhi,309.0,67.0,False,2009
419135,Kolkata Knight Riders,Deccan Chargers,181.0,157.0,2009/10,Kolkata Knight Riders,Kolkata Knight Riders,bat,Eden Gardens,Kolkata,338.0,24.0,False,2009
419136,Kings XI Punjab,Royal Challengers Bangalore,181.0,184.0,2009/10,Royal Challengers Bangalore,Kings XI Punjab,bat,"Punjab Cricket Association Stadium, Mohali",Chandigarh,365.0,3.0,True,2009
419137,Chennai Super Kings,Rajasthan Royals,246.0,223.0,2009/10,Chennai Super Kings,Chennai Super Kings,bat,"MA Chidambaram Stadium, Chepauk",Chennai,469.0,23.0,False,2009
419138,Mumbai Indians,Deccan Chargers,178.0,115.0,2009/10,Mumbai Indians,Mumbai Indians,bat,Brabourne Stadium,Mumbai,293.0,63.0,False,2009
419139,Kolkata Knight Riders,Kings XI Punjab,200.0,204.0,2009/10,Kings XI Punjab,Kolkata Knight Riders,bat,Eden Gardens,Kolkata,404.0,4.0,True,2009
419140,Delhi Daredevils,Royal Challengers Bangalore,184.0,147.0,2009/10,Delhi Daredevils,Delhi Daredevils,bat,Feroz Shah Kotla,Delhi,331.0,37.0,False,2009
419141,Rajasthan Royals,Deccan Chargers,159.0,157.0,2009/10,Rajasthan Royals,Rajasthan Royals,bat,"Vidarbha Cricket Association Stadium, Jamtha",Nagpur,316.0,2.0,False,2009
419142,Chennai Super Kings,Mumbai Indians,165.0,141.0,2009/10,Chennai Super Kings,Chennai Super Kings,bat,"MA Chidambaram Stadium, Chepauk",Chennai,306.0,24.0,False,2009
419143,Kings XI Punjab,Rajasthan Royals,153.0,157.0,2009/10,Rajasthan Royals,Kings XI Punjab,bat,Sawai Mansingh Stadium,Jaipur,310.0,4.0,True,2009
419144,Kolkata Knight Riders,Delhi Daredevils,181.0,167.0,2009/10,Kolkata Knight Riders,Kolkata Knight Riders,bat,Eden Gardens,Kolkata,348.0,14.0,False,2009
419145,Royal Challengers Bangalore,Deccan Chargers,184.0,186.0,2009/10,Deccan Chargers,Deccan Chargers,field,M Chinnaswamy Stadium,Bangalore,370.0,2.0,True,2009
419146,Mumbai Indians,Kings XI Punjab,154.0,158.0,2009/10,Kings XI Punjab,Mumbai Indians,bat,"Punjab Cricket Association Stadium, Mohali",Chandigarh,312.0,4.0,True,2009
419147,Chennai Super Kings,Deccan Chargers,138.0,139.0,2009/10,Deccan Chargers,Chennai Super Kings,bat,"Vidarbha Cricket Association Stadium, Jamtha",Nagpur,277.0,1.0,True,2009
419148,Kolkata Knight Riders,Royal Challengers Bangalore,160.0,162.0,2009/10,Royal Challengers Bangalore,Royal Challengers Bangalore,field,M Chinnaswamy Stadium,Bangalore,322.0,2.0,True,2009
419149,Delhi Daredevils,Kings XI Punjab,111.0,112.0,2009/10,Kings XI Punjab,Delhi Daredevils,bat,Feroz Shah Kotla,Delhi,223.0,1.0,True,2009
419150,Mumbai Indians,Rajasthan Royals,174.0,137.0,2009/10,Mumbai Indians,Rajasthan Royals,field,Sawai Mansingh Stadium,Jaipur,311.0,37.0,False,2009
419151,Deccan Chargers,Royal Challengers Bangalore,151.0,138.0,2009/10,Deccan Chargers,Royal Challengers Bangalore,field,"Vidarbha Cricket Association Stadium, Jamtha",Nagpur,289.0,13.0,False,2009
419152,Mumbai Indians,Delhi Daredevils,183.0,144.0,2009/10,Mumbai Indians,Mumbai Indians,bat,Brabourne Stadium,Mumbai,327.0,39.0,False,2009
419153,Kolkata Knight Riders,Chennai Super Kings,139.0,143.0,2009/10,Chennai Super Kings,Kolkata Knight Riders,bat,"MA Chidambaram Stadium, Chepauk",Chennai,282.0,4.0,True,2009
419154,Rajasthan Royals,Royal Challengers Bangalore,130.0,132.0,2009/10,Royal Challengers Bangalore,Rajasthan Royals,bat,Sawai Mansingh Stadium,Jaipur,262.0,2.0,True,2009
419155,Chennai Super Kings,Delhi Daredevils,112.0,113.0,2009/10,Delhi Daredevils,Chennai Super Kings,bat,"MA Chidambaram Stadium, Chepauk",Chennai,225.0,1.0,True,2009
419156,Kings XI Punjab,Deccan Chargers,174.0,178.0,2009/10,Deccan Chargers,Deccan Chargers,field,Himachal Pradesh Cricket Association Stadium,Dharamsala,352.0,4.0,True,2009
419157,Mumbai Indians,Royal Challengers Bangalore,191.0,134.0,2009/10,Mumbai Indians,Royal Challengers Bangalore,field,M Chinnaswamy Stadium,Bangalore,325.0,57.0,False,2009
419158,Rajasthan Royals,Kolkata Knight Riders,132.0,133.0,2009/10,Kolkata Knight Riders,Rajasthan Royals,bat,Eden Gardens,Kolkata,265.0,1.0,True,2009
419159,Kings XI Punjab,Chennai Super Kings,192.0,195.0,2009/10,Chennai Super Kings,Chennai Super Kings,field,Himachal Pradesh Cricket Association Stadium,Dharamsala,387.0,3.0,True,2009
419160,Deccan Chargers,Delhi Daredevils,145.0,134.0,2009/10,Deccan Chargers,Deccan Chargers,bat,Feroz Shah Kotla,Delhi,279.0,11.0,False,2009
419161,Mumbai Indians,Kolkata Knight Riders,133.0,135.0,2009/10,Kolkata Knight Riders,Mumbai Indians,bat,Eden Gardens,Kolkata,268.0,2.0,True,2009
419162,Mumbai Indians,Royal Challengers Bangalore,184.0,149.0,2009/10,Mumbai Indians,Mumbai Indians,bat,Dr DY Patil Sports Academy,Mumbai,333.0,35.0,False,2009
419163,Chennai Super Kings,Deccan Chargers,142.0,104.0,2009/10,Chennai Super Kings,Chennai Super Kings,bat,Dr DY Patil Sports Academy,Mumbai,246.0,38.0,False,2009
419164,Deccan Chargers,Royal Challengers Bangalore,82.0,86.0,2009/10,Royal Challengers Bangalore,Deccan Chargers,bat,Dr DY Patil Sports Academy,Mumbai,168.0,4.0,True,2009
419165,Chennai Super Kings,Mumbai Indians,168.0,146.0,2009/10,Chennai Super Kings,Chennai Super Kings,bat,Dr DY Patil Sports Academy,Mumbai,314.0,22.0,False,2009
501198,Chennai Super Kings,Kolkata Knight Riders,153.0,151.0,2011,Chennai Super Kings,Chennai Super Kings,bat,"MA Chidambaram Stadium, Chepauk",Chennai,304.0,2.0,False,2011
501199,Deccan Chargers,Rajasthan Royals,137.0,141.0,2011,Rajasthan Royals,Rajasthan Royals,field,"Rajiv Gandhi International Stadium, Uppal",Hyderabad,278.0,4.0,True,2011
501200,Kochi Tuskers Kerala,Royal Challengers Bangalore,161.0,162.0,2011,Royal Challengers Bangalore,Kochi Tuskers Kerala,bat,Nehru Stadium,Kochi,323.0,1.0,True,2011
501201,Delhi Daredevils,Mumbai Indians,95.0,99.0,2011,Mumbai Indians,Delhi Daredevils,bat,Feroz Shah Kotla,Delhi,194.0,4.0,True,2011
501202,Kings XI Punjab,Pune Warriors,112.0,113.0,2011,Pune Warriors,Kings XI Punjab,bat,Dr DY Patil Sports Academy,Mumbai,225.0,1.0,True,2011
501203,Kolkata Knight Riders,Deccan Chargers,163.0,154.0,2011,Kolkata Knight Riders,Kolkata Knight Riders,bat,Eden Gardens,Kolkata,317.0,9.0,False,2011
501204,Delhi Daredevils,Rajasthan Royals,151.0,152.0,2011,Rajasthan Royals,Delhi Daredevils,bat,Sawai Mansingh Stadium,Jaipur,303.0,1.0,True,2011
501205,Royal Challengers Bangalore,Mumbai Indians,140.0,143.0,2011,Mumbai Indians,Mumbai Indians,field,M Chinnaswamy Stadium,Bangalore,283.0,3.0,True,2011
501206,Chennai Super Kings,Kings XI Punjab,188.0,193.0,2011,Kings XI Punjab,Kings XI Punjab,field,"Punjab Cricket Association Stadium, Mohali",Chandigarh,381.0,5.0,True,2011
501207,Kochi Tuskers Kerala,Pune Warriors,148.0,151.0,2011,Pune Warriors,Kochi Tuskers Kerala,bat,Dr DY Patil Sports Academy,Mumbai,299.0,3.0,True,2011
501208,Deccan Chargers,Royal Challengers Bangalore,175.0,142.0,2011,Deccan Chargers,Royal Challengers Bangalore,field,"Rajiv Gandhi International Stadium, Uppal",Hyderabad,317.0,33.0,False,2011
501209,Rajasthan Royals,Kolkata Knight Riders,159.0,160.0,2011,Kolkata Knight Riders,Kolkata Knight Riders,field,Sawai Mansingh Stadium,Jaipur,319.0,1.0,True,2011
501210,Mumbai Indians,Kochi Tuskers Kerala,182.0,184.0,2011,Kochi Tuskers Kerala,Kochi Tuskers Kerala,field,Wankhede Stadium,Mumbai,366.0,2.0,True,2011
501211,Chennai Super Kings,Royal Challengers Bangalore,183.0,162.0,2011,Chennai Super Kings,Chennai Super Kings,bat,"MA Chidambaram Stadium, Chepauk",Chennai,345.0,21.0,False,2011
501212,Deccan Chargers,Kings XI Punjab,165.0,166.0,2011,Kings XI Punjab,Kings XI Punjab,field,"Rajiv Gandhi International Stadium, Uppal",Hyderabad,331.0,1.0,True,2011
501213,Pune Warriors,Delhi Daredevils,187.0,190.0,2011,Delhi Daredevils,Delhi Daredevils,field,Dr DY Patil Sports Academy,Mumbai,377.0,3.0,True,2011
501214,Rajasthan Royals,Kolkata Knight Riders,81.0,85.0,2011,Kolkata Knight Riders,Kolkata Knight Riders,field,Eden Gardens,Kolkata,166.0,4.0,True,2011
501215,Chennai Super Kings,Kochi Tuskers Kerala,131.0,135.0,2011,Kochi Tuskers Kerala,Kochi Tuskers Kerala,field,Nehru Stadium,Kochi,266.0,4.0,True,2011
501216,Deccan Chargers,Delhi Daredevils,168.0,152.0,2011,Deccan Chargers,Deccan Chargers,bat,Feroz Shah Kotla,Delhi,320.0,16.0,False,2011
501218,Pune Warriors,Mumbai Indians,118.0,124.0,2011,Mumbai Indians,Pune Warriors,bat,Wankhede Stadium,Mumbai,242.0,6.0,True,2011
501219,Kochi Tuskers Kerala,Kolkata Knight Riders,132.0,126.0,2011,Kochi Tuskers Kerala,Kolkata Knight Riders,field,Eden Gardens,Kolkata,258.0,6.0,False,2011
501220,Kings XI Punjab,Rajasthan Royals,195.0,147.0,2011,Kings XI Punjab,Rajasthan Royals,field,"Punjab Cricket Association Stadium, Mohali",Chandigarh,342.0,48.0,False,2011
501221,Mumbai Indians,Chennai Super Kings,164.0,156.0,2011,Mumbai Indians,Chennai Super Kings,field,Wankhede Stadium,Mumbai,320.0,8.0,False,2011
501222,Kolkata Knight Riders,Royal Challengers Bangalore,171.0,175.0,2011,Royal Challengers Bangalore,Royal Challengers Bangalore,field,Eden Gardens,Kolkata,346.0,4.0,True,2011
501223,Delhi Daredevils,Kings XI Punjab,231.0,202.0,2011,Delhi Daredevils,Kings XI Punjab,field,Feroz Shah Kotla,Delhi,433.0,29.0,False,2011
501224,Mumbai Indians,Deccan Chargers,172.0,135.0,2011,Mumbai Indians,Deccan Chargers,field,"Rajiv Gandhi International Stadium, Uppal",Hyderabad,307.0,37.0,False,2011
501225,Kochi Tuskers Kerala,Rajasthan Royals,109.0,111.0,2011,Rajasthan Royals,Rajasthan Royals,field,Sawai Mansingh Stadium,Jaipur,220.0,2.0,True,2011
501226,Chennai Super Kings,Pune Warriors,142.0,117.0,2011,Chennai Super Kings,Pune Warriors,field,"MA Chidambaram Stadium, Chepauk",Chennai,259.0,25.0,False,2011
501227,Delhi Daredevils,Royal Challengers Bangalore,160.0,161.0,2011,Royal Challengers Bangalore,Royal Challengers Bangalore,field,Feroz Shah Kotla,Delhi,321.0,1.0,True,2011
501228,Pune Warriors,Chennai Super Kings,141.0,145.0,2011,Chennai Super Kings,Pune Warriors,bat,Dr DY Patil Sports Academy,Mumbai,286.0,4.0,True,2011
501229,Deccan Chargers,Kochi Tuskers Kerala,129.0,74.0,2011,Deccan Chargers,Kochi Tuskers Kerala,field,Nehru Stadium,Kochi,203.0,55.0,False,2011
501230,Kolkata Knight Riders,Delhi Daredevils,148.0,131.0,2011,Kolkata Knight Riders,Delhi Daredevils,field,Feroz Shah Kotla,Delhi,279.0,17.0,False,2011
501231,Mumbai Indians,Rajasthan Royals,94.0,95.0,2011,Rajasthan Royals,Rajasthan Royals,field,Sawai Mansingh Stadium,Jaipur,189.0,1.0,True,2011
501232,Royal Challengers Bangalore,Pune Warriors,181.0,155.0,2011,Royal Challengers Bangalore,Pune Warriors,field,M Chinnaswamy Stadium,Bangalore,336.0,26.0,False,2011
501233,Delhi Daredevils,Kochi Tuskers Kerala,157.0,119.0,2011,Delhi Daredevils,Delhi Daredevils,bat,Nehru Stadium,Kochi,276.0,38.0,False,2011
501234,Kings XI Punjab,Kolkata Knight Riders,119.0,120.0,2011,Kolkata Knight Riders,Kolkata Knight Riders,field,Eden Gardens,Kolkata,239.0,1.0,True,2011
501235,Pune Warriors,Rajasthan Royals,143.0,144.0,2011,Rajasthan Royals,Rajasthan Royals,field,Sawai Mansingh Stadium,Jaipur,287.0,1.0,True,2011
501236,Chennai Super Kings,Deccan Chargers,165.0,146.0,2011,Chennai Super Kings,Chennai Super Kings,bat,"MA Chidambaram Stadium, Chepauk",Chennai,311.0,19.0,False,2011
501237,Mumbai Indians,Kings XI Punjab,159.0,136.0,2011,Mumbai Indians,Kings XI Punjab,field,Wankhede Stadium,Mumbai,295.0,23.0,False,2011
501238,Delhi Daredevils,Kochi Tuskers Kerala,140.0,141.0,2011,Kochi Tuskers Kerala,Kochi Tuskers Kerala,field,Feroz Shah Kotla,Delhi,281.0,1.0,True,2011
501239,Kolkata Knight Riders,Deccan Chargers,169.0,149.0,2011,Kolkata Knight Riders,Deccan Chargers,field,"Rajiv Gandhi International Stadium, Uppal",Hyderabad,318.0,20.0,False,2011
501240,Rajasthan Royals,Chennai Super Kings,147.0,149.0,2011,Chennai Super Kings,Rajasthan Royals,bat,"MA Chidambaram Stadium, Chepauk",Chennai,296.0,2.0,True,2011
501241,Mumbai Indians,Pune Warriors,160.0,139.0,2011,Mumbai Indians,Pune Warriors,field,Dr DY Patil Sports Academy,Mumbai,299.0,21.0,False,2011
501242,Kochi Tuskers Kerala,Kolkata Knight Riders,156.0,139.0,2011,Kochi Tuskers Kerala,Kolkata Knight Riders,field,Nehru Stadium,Kochi,295.0,17.0,False,2011
501243,Deccan Chargers,Delhi Daredevils,175.0,179.0,2011,Delhi Daredevils,Delhi Daredevils,field,"Rajiv Gandhi International Stadium, Uppal",Hyderabad,354.0,4.0,True,2011
501244,Royal Challengers Bangalore,Kings XI Punjab,205.0,120.0,2011,Royal Challengers Bangalore,Kings XI Punjab,field,M Chinnaswamy Stadium,Bangalore,325.0,85.0,False,2011
501245,Chennai Super Kings,Kolkata Knight Riders,114.0,61.0,2011,Kolkata Knight Riders,Chennai Super Kings,bat,Eden Gardens,Kolkata,175.0,53.0,True,2011
501246,Mumbai Indians,Delhi Daredevils,178.0,146.0,2011,Mumbai Indians,Delhi Daredevils,field,Wankhede Stadium,Mumbai,324.0,32.0,False,2011
501247,Kochi Tuskers Kerala,Royal Challengers Bangalore,125.0,128.0,2011,Royal Challengers Bangalore,Kochi Tuskers Kerala,bat,M Chinnaswamy Stadium,Bangalore,253.0,3.0,True,2011
501248,Kings XI Punjab,Pune Warriors,119.0,120.0,2011,Pune Warriors,Kings XI Punjab,bat,"Punjab Cricket Association Stadium, Mohali",Chandigarh,239.0,1.0,True,2011
501249,Chennai Super Kings,Rajasthan Royals,196.0,133.0,2011,Chennai Super Kings,Rajasthan Royals,field,Sawai Mansingh Stadium,Jaipur,329.0,63.0,False,2011
501250,Deccan Chargers,Pune Warriors,136.0,137.0,2011,Pune Warriors,Deccan Chargers,bat,"Rajiv Gandhi International Stadium, Uppal",Hyderabad,273.0,1.0,True,2011
501251,Kings XI Punjab,Mumbai Indians,163.0,87.0,2011,Kings XI Punjab,Mumbai Indians,field,"Punjab Cricket Association Stadium, Mohali",Chandigarh,250.0,76.0,False,2011
501252,Rajasthan Royals,Royal Challengers Bangalore,146.0,151.0,2011,Royal Challengers Bangalore,Royal Challengers Bangalore,field,Sawai Mansingh Stadium,Jaipur,297.0,5.0,True,2011
501253,Chennai Super Kings,Delhi Daredevils,176.0,158.0,2011,Chennai Super Kings,Chennai Super Kings,bat,"MA Chidambaram Stadium, Chepauk",Chennai,334.0,18.0,False,2011
501254,Kochi Tuskers Kerala,Kings XI Punjab,178.0,181.0,2011,Kings XI Punjab,Kings XI Punjab,field,Holkar Cricket Stadium,Indore,359.0,3.0,True,2011
501255,Kolkata Knight Riders,Royal Challengers Bangalore,89.0,105.0,2011,Royal Challengers Bangalore,Royal Challengers Bangalore,field,M Chinnaswamy Stadium,Bangalore,194.0,16.0,True,2011
501256,Deccan Chargers,Mumbai Indians,135.0,125.0,2011,Deccan Chargers,Deccan Chargers,bat,Wankhede Stadium,Mumbai,260.0,10.0,False,2011
501257,Kings XI Punjab,Delhi Daredevils,170.0,141.0,2011,Kings XI Punjab,Delhi Daredevils,field,Himachal Pradesh Cricket Association Stadium,Dharamsala,311.0,29.0,False,2011
501258,Rajasthan Royals,Kochi Tuskers Kerala,97.0,98.0,2011,Kochi Tuskers Kerala,Kochi Tuskers Kerala,field,Holkar Cricket Stadium,Indore,195.0,1.0,True,2011
501259,Pune Warriors,Deccan Chargers,136.0,138.0,2011,Deccan Chargers,Deccan Chargers,field,Dr DY Patil Sports Academy,Mumbai,274.0,2.0,True,2011
501260,Kings XI Punjab,Royal Challengers Bangalore,232.0,121.0,2011,Kings XI Punjab,Kings XI Punjab,bat,Himachal Pradesh Cricket Association Stadium,Dharamsala,353.0,111.0,False,2011
501261,Chennai Super Kings,Kochi Tuskers Kerala,152.0,141.0,2011,Chennai Super Kings,Chennai Super Kings,bat,"MA Chidambaram Stadium, Chepauk",Chennai,293.0,11.0,False,2011
501262,Pune Warriors,Kolkata Knight Riders,118.0,119.0,2011,Kolkata Knight Riders,Kolkata Knight Riders,field,Dr DY Patil Sports Academy,Mumbai,237.0,1.0,True,2011
501263,Mumbai Indians,Rajasthan Royals,133.0,134.0,2011,Rajasthan Royals,Mumbai Indians,bat,Wankhede Stadium,Mumbai,267.0,1.0,True,2011
501264,Deccan Chargers,Kings XI Punjab,198.0,116.0,2011,Deccan Chargers,Kings XI Punjab,field,Himachal Pradesh Cricket Association Stadium,Dharamsala,314.0,82.0,False,2011
501265,Delhi Daredevils,,56.0,,2011,Unknown,Delhi Daredevils,bat,Feroz Shah Kotla,Delhi,,,False,2011
501266,Chennai Super Kings,Royal Challengers Bangalore,128.0,129.0,2011,Royal Challengers Bangalore,Royal Challengers Bangalore,field,M Chinnaswamy Stadium,Bangalore,257.0,1.0,True,2011
501267,Kolkata Knight Riders,Mumbai Indians,175.0,178.0,2011,Mumbai Indians,Mumbai Indians,field,Eden Gardens,Kolkata,353.0,3.0,True,2011
501268,Royal Challengers Bangalore,Chennai Super Kings,175.0,177.0,2011,Chennai Super Kings,Chennai Super Kings,field,Wankhede Stadium,Mumbai,352.0,2.0,True,2011
501269,Kolkata Knight Riders,Mumbai Indians,147.0,148.0,2011,Mumbai Indians,Mumbai Indians,field,Wankhede Stadium,Mumbai,295.0,1.0,True,2011
501270,Royal Challengers Bangalore,Mumbai Indians,185.0,142.0,2011,Royal Challengers Bangalore,Mumbai Indians,field,"MA Chidambaram Stadium, Chepauk",Chennai,327.0,43.0,False,2011
501271,Chennai Super Kings,Royal Challengers Bangalore,205.0,147.0,2011,Chennai Super Kings,Chennai Super Kings,bat,"MA Chidambaram Stadium, Chepauk",Chennai,352.0,58.0,False,2011
548306,Chennai Super Kings,Mumbai Indians,112.0,115.0,2012,Mumbai Indians,Mumbai Indians,field,"MA Chidambaram Stadium, Chepauk",Chennai,227.0,3.0,True,2012
548307,Kolkata Knight Riders,Delhi Daredevils,97.0,100.0,2012,Delhi Daredevils,Delhi Daredevils,field,Eden Gardens,Kolkata,197.0,3.0,True,2012
548308,Pune Warriors,Mumbai Indians,129.0,101.0,2012,Pune Warriors,Mumbai Indians,field,Wankhede Stadium,Mumbai,230.0,28.0,False,2012
548309,Rajasthan Royals,Kings XI Punjab,191.0,160.0,2012,Rajasthan Royals,Kings XI Punjab,field,Sawai Mansingh Stadium,Jaipur,351.0,31.0,False,2012
548310,Royal Challengers Bangalore,Delhi Daredevils,157.0,137.0,2012,Royal Challengers Bangalore,Delhi Daredevils,field,M Chinnaswamy Stadium,Bangalore,294.0,20.0,False,2012
548311,Chennai Super Kings,Deccan Chargers,193.0,119.0,2012,Chennai Super Kings,Deccan Chargers,field,Dr. Y.S. Rajasekhara Reddy ACA-VDCA Cricket Stadium,Visakhapatnam,312.0,74.0,False,2012
548312,Rajasthan Royals,Kolkata Knight Riders,164.0,142.0,2012,Rajasthan Royals,Kolkata Knight Riders,field,Sawai Mansingh Stadium,Jaipur,306.0,22.0,False,2012
548313,Pune Warriors,Kings XI Punjab,166.0,144.0,2012,Pune Warriors,Pune Warriors,bat,Subrata Roy Sahara Stadium,Pune,310.0,22.0,False,2012
548314,Deccan Chargers,Mumbai Indians,138.0,142.0,2012,Mumbai Indians,Deccan Chargers,bat,Dr. Y.S. Rajasekhara Reddy ACA-VDCA Cricket Stadium,Visakhapatnam,280.0,4.0,True,2012
548315,Kolkata Knight Riders,Royal Challengers Bangalore,165.0,123.0,2012,Kolkata Knight Riders,Royal Challengers Bangalore,field,M Chinnaswamy Stadium,Bangalore,288.0,42.0,False,2012
548316,Chennai Super Kings,Delhi Daredevils,110.0,111.0,2012,Delhi Daredevils,Delhi Daredevils,field,Feroz Shah Kotla,Delhi,221.0,1.0,True,2012
548317,Mumbai Indians,Rajasthan Royals,197.0,170.0,2012,Mumbai Indians,Rajasthan Royals,field,Wankhede Stadium,Mumbai,367.0,27.0,False,2012
548318,Royal Challengers Bangalore,Chennai Super Kings,205.0,208.0,2012,Chennai Super Kings,Royal Challengers Bangalore,bat,"MA Chidambaram Stadium, Chepauk",Chennai,413.0,3.0,True,2012
548319,Pune Warriors,Kings XI Punjab,115.0,116.0,2012,Kings XI Punjab,Kings XI Punjab,field,"Punjab Cricket Association Stadium, Mohali",Chandigarh,231.0,1.0,True,2012
548320,Rajasthan Royals,Kolkata Knight Riders,131.0,137.0,2012,Kolkata Knight Riders,Rajasthan Royals,bat,Eden Gardens,Kolkata,268.0,6.0,True,2012
548321,Deccan Chargers,Delhi Daredevils,157.0,162.0,2012,Delhi Daredevils,Deccan Chargers,bat,Feroz Shah Kotla,Delhi,319.0,5.0,True,2012
548322,Chennai Super Kings,Pune Warriors,155.0,156.0,2012,Pune Warriors,Chennai Super Kings,bat,Subrata Roy Sahara Stadium,Pune,311.0,1.0,True,2012
548323,Kings XI Punjab,Kolkata Knight Riders,134.0,132.0,2012,Kings XI Punjab,Kolkata Knight Riders,field,Eden Gardens,Kolkata,266.0,2.0,False,2012
548324,Rajasthan Royals,Royal Challengers Bangalore,195.0,136.0,2012,Rajasthan Royals,Rajasthan Royals,bat,M Chinnaswamy Stadium,Bangalore,331.0,59.0,False,2012
548325,Mumbai Indians,Delhi Daredevils,92.0,93.0,2012,Delhi Daredevils,Delhi Daredevils,field,Wankhede Stadium,Mumbai,185.0,1.0,True,2012
548326,Deccan Chargers,Rajasthan Royals,196.0,197.0,2012,Rajasthan Royals,Deccan Chargers,bat,Sawai Mansingh Stadium,Jaipur,393.0,1.0,True,2012
548327,Pune Warriors,Royal Challengers Bangalore,182.0,186.0,2012,Royal Challengers Bangalore,Pune Warriors,bat,M Chinnaswamy Stadium,Bangalore,368.0,4.0,True,2012
548328,Kings XI Punjab,Kolkata Knight Riders,124.0,127.0,2012,Kolkata Knight Riders,Kings XI Punjab,bat,"Punjab Cricket Association Stadium, Mohali",Chandigarh,251.0,3.0,True,2012
548329,Deccan Chargers,Delhi Daredevils,187.0,193.0,2012,Delhi Daredevils,Deccan Chargers,bat,"Rajiv Gandhi International Stadium, Uppal",Hyderabad,380.0,6.0,True,2012
548330,Chennai Super Kings,Pune Warriors,164.0,151.0,2012,Chennai Super Kings,Pune Warriors,field,"MA Chidambaram Stadium, Chepauk",Chennai,315.0,13.0,False,2012
548331,Kings XI Punjab,Royal Challengers Bangalore,163.0,166.0,2012,Royal Challengers Bangalore,Royal Challengers Bangalore,field,"Punjab Cricket Association Stadium, Mohali",Chandigarh,329.0,3.0,True,2012
548332,Rajasthan Royals,Chennai Super Kings,146.0,147.0,2012,Chennai Super Kings,Rajasthan Royals,bat,"MA Chidambaram Stadium, Chepauk",Chennai,293.0,1.0,True,2012
548333,Pune Warriors,Delhi Daredevils,192.0,172.0,2012,Pune Warriors,Delhi Daredevils,field,Feroz Shah Kotla,Delhi,364.0,20.0,False,2012
548334,Mumbai Indians,Kings XI Punjab,163.0,164.0,2012,Kings XI Punjab,Mumbai Indians,bat,Wankhede Stadium,Mumbai,327.0,1.0,True,2012
548335,Deccan Chargers,Kolkata Knight Riders,126.0,127.0,2012,Kolkata Knight Riders,Kolkata Knight Riders,field,Barabati Stadium,Cuttack,253.0,1.0,True,2012
548336,Royal Challengers Bangalore,Rajasthan Royals,189.0,143.0,2012,Royal Challengers Bangalore,Rajasthan Royals,field,Sawai Mansingh Stadium,Jaipur,332.0,46.0,False,2012
548337,Pune Warriors,Delhi Daredevils,146.0,148.0,2012,Delhi Daredevils,Pune Warriors,bat,Subrata Roy Sahara Stadium,Pune,294.0,2.0,True,2012
548339,Kings XI Punjab,Mumbai Indians,168.0,171.0,2012,Mumbai Indians,Kings XI Punjab,bat,"Punjab Cricket Association Stadium, Mohali",Chandigarh,339.0,3.0,True,2012
548341,Deccan Chargers,Pune Warriors,177.0,159.0,2012,Deccan Chargers,Deccan Chargers,bat,Subrata Roy Sahara Stadium,Pune,336.0,18.0,False,2012
548342,Delhi Daredevils,Mumbai Indians,207.0,170.0,2012,Delhi Daredevils,Mumbai Indians,field,Feroz Shah Kotla,Delhi,377.0,37.0,False,2012
548343,Kings XI Punjab,Chennai Super Kings,156.0,149.0,2012,Kings XI Punjab,Kings XI Punjab,bat,"MA Chidambaram Stadium, Chepauk",Chennai,305.0,7.0,False,2012
548344,Kolkata Knight Riders,Royal Challengers Bangalore,190.0,143.0,2012,Kolkata Knight Riders,Kolkata Knight Riders,bat,Eden Gardens,Kolkata,333.0,47.0,False,2012
548345,Delhi Daredevils,Rajasthan Royals,152.0,151.0,2012,Delhi Daredevils,Delhi Daredevils,bat,Feroz Shah Kotla,Delhi,303.0,1.0,False,2012
548346,Deccan Chargers,Mumbai Indians,100.0,101.0,2012,Mumbai Indians,Mumbai Indians,field,Wankhede Stadium,Mumbai,201.0,1.0,True,2012
548347,Chennai Super Kings,Kolkata Knight Riders,139.0,140.0,2012,Kolkata Knight Riders,Chennai Super Kings,bat,"MA Chidambaram Stadium, Chepauk",Chennai,279.0,1.0,True,2012
548348,Deccan Chargers,Pune Warriors,186.0,173.0,2012,Deccan Chargers,Deccan Chargers,bat,Barabati Stadium,Cuttack,359.0,13.0,False,2012
548349,Rajasthan Royals,Delhi Daredevils,141.0,144.0,2012,Delhi Daredevils,Rajasthan Royals,bat,Sawai Mansingh Stadium,Jaipur,285.0,3.0,True,2012
548350,Royal Challengers Bangalore,Kings XI Punjab,158.0,163.0,2012,Kings XI Punjab,Kings XI Punjab,field,M Chinnaswamy Stadium,Bangalore,321.0,5.0,True,2012
548351,Mumbai Indians,Pune Warriors,120.0,119.0,2012,Mumbai Indians,Mumbai Indians,bat,Subrata Roy Sahara Stadium,Pune,239.0,1.0,False,2012
548352,Chennai Super Kings,Deccan Chargers,160.0,150.0,2012,Chennai Super Kings,Chennai Super Kings,bat,"MA Chidambaram Stadium, Chepauk",Chennai,310.0,10.0,False,2012
548353,Kolkata Knight Riders,Pune Warriors,150.0,143.0,2012,Kolkata Knight Riders,Kolkata Knight Riders,bat,Eden Gardens,Kolkata,293.0,7.0,False,2012
548354,Rajasthan Royals,Kings XI Punjab,177.0,134.0,2012,Rajasthan Royals,Rajasthan Royals,bat,"Punjab Cricket Association Stadium, Mohali",Chandigarh,311.0,43.0,False,2012
548355,Chennai Super Kings,Mumbai Indians,173.0,174.0,2012,Mumbai Indians,Mumbai Indians,field,Wankhede Stadium,Mumbai,347.0,1.0,True,2012
548356,Deccan Chargers,Royal Challengers Bangalore,181.0,185.0,2012,Royal Challengers Bangalore,Royal Challengers Bangalore,field,M Chinnaswamy Stadium,Bangalore,366.0,4.0,True,2012
548357,Delhi Daredevils,Kolkata Knight Riders,153.0,154.0,2012,Kolkata Knight Riders,Delhi Daredevils,bat,Feroz Shah Kotla,Delhi,307.0,1.0,True,2012
548358,Pune Warriors,Rajasthan Royals,125.0,126.0,2012,Rajasthan Royals,Pune Warriors,bat,Subrata Roy Sahara Stadium,Pune,251.0,1.0,True,2012
548359,Kings XI Punjab,Deccan Chargers,170.0,145.0,2012,Kings XI Punjab,Deccan Chargers,field,"Rajiv Gandhi International Stadium, Uppal",Hyderabad,315.0,25.0,False,2012
548360,Mumbai Indians,Royal Challengers Bangalore,141.0,142.0,2012,Royal Challengers Bangalore,Royal Challengers Bangalore,field,Wankhede Stadium,Mumbai,283.0,1.0,True,2012
548361,Rajasthan Royals,Chennai Super Kings,126.0,127.0,2012,Chennai Super Kings,Chennai Super Kings,field,Sawai Mansingh Stadium,Jaipur,253.0,1.0,True,2012
548362,Royal Challengers Bangalore,Pune Warriors,173.0,138.0,2012,Royal Challengers Bangalore,Pune Warriors,field,Subrata Roy Sahara Stadium,Pune,311.0,35.0,False,2012
548363,Mumbai Indians,Kolkata Knight Riders,182.0,155.0,2012,Mumbai Indians,Mumbai Indians,bat,Eden Gardens,Kolkata,337.0,27.0,False,2012
548364,Delhi Daredevils,Chennai Super Kings,114.0,115.0,2012,Chennai Super Kings,Chennai Super Kings,field,"MA Chidambaram Stadium, Chepauk",Chennai,229.0,1.0,True,2012
548365,Rajasthan Royals,Pune Warriors,170.0,125.0,2012,Rajasthan Royals,Rajasthan Royals,bat,Sawai Mansingh Stadium,Jaipur,295.0,45.0,False,2012
548366,Deccan Chargers,Kings XI Punjab,190.0,194.0,2012,Kings XI Punjab,Deccan Chargers,bat,"Punjab Cricket Association Stadium, Mohali",Chandigarh,384.0,4.0,True,2012
548367,Royal Challengers Bangalore,Mumbai Indians,171.0,173.0,2012,Mumbai Indians,Mumbai Indians,field,M Chinnaswamy Stadium,Bangalore,344.0,2.0,True,2012
548368,Kolkata Knight Riders,Chennai Super Kings,158.0,160.0,2012,Chennai Super Kings,Chennai Super Kings,field,Eden Gardens,Kolkata,318.0,2.0,True,2012
548369,Kings XI Punjab,Delhi Daredevils,136.0,140.0,2012,Delhi Daredevils,Kings XI Punjab,bat,Feroz Shah Kotla,Delhi,276.0,4.0,True,2012
548370,Kolkata Knight Riders,Mumbai Indians,140.0,108.0,2012,Kolkata Knight Riders,Mumbai Indians,field,Wankhede Stadium,Mumbai,248.0,32.0,False,2012
548371,Chennai Super Kings,Kings XI Punjab,120.0,123.0,2012,Kings XI Punjab,Kings XI Punjab,field,Himachal Pradesh Cricket Association Stadium,Dharamsala,243.0,3.0,True,2012
548372,Royal Challengers Bangalore,Delhi Daredevils,215.0,194.0,2012,Royal Challengers Bangalore,Delhi Daredevils,field,Feroz Shah Kotla,Delhi,409.0,21.0,False,2012
548373,Rajasthan Royals,Deccan Chargers,126.0,128.0,2012,Deccan Chargers,Rajasthan Royals,bat,"Rajiv Gandhi International Stadium, Uppal",Hyderabad,254.0,2.0,True,2012
548374,Kings XI Punjab,Delhi Daredevils,141.0,145.0,2012,Delhi Daredevils,Delhi Daredevils,field,Himachal Pradesh Cricket Association Stadium,Dharamsala,286.0,4.0,True,2012
548375,Kolkata Knight Riders,Pune Warriors,136.0,102.0,2012,Kolkata Knight Riders,Kolkata Knight Riders,bat,Subrata Roy Sahara Stadium,Pune,238.0,34.0,False,2012
548376,Deccan Chargers,Royal Challengers Bangalore,132.0,123.0,2012,Deccan Chargers,Royal Challengers Bangalore,field,"Rajiv Gandhi International Stadium, Uppal",Hyderabad,255.0,9.0,False,2012
548377,Rajasthan Royals,Mumbai Indians,162.0,163.0,2012,Mumbai Indians,Rajasthan Royals,bat,Sawai Mansingh Stadium,Jaipur,325.0,1.0,True,2012
548378,Kolkata Knight Riders,Delhi Daredevils,162.0,144.0,2012,Kolkata Knight Riders,Kolkata Knight Riders,bat,Subrata Roy Sahara Stadium,Pune,306.0,18.0,False,2012
548379,Chennai Super Kings,Mumbai Indians,187.0,149.0,2012,Chennai Super Kings,Mumbai Indians,field,M Chinnaswamy Stadium,Bangalore,336.0,38.0,False,2012
548380,Chennai Super Kings,Delhi Daredevils,222.0,136.0,2012,Chennai Super Kings,Delhi Daredevils,field,"MA Chidambaram Stadium, Chepauk",Chennai,358.0,86.0,False,2012
548381,Chennai Super Kings,Kolkata Knight Riders,190.0,192.0,2012,Kolkata Knight Riders,Chennai Super Kings,bat,"MA Chidambaram Stadium, Chepauk",Chennai,382.0,2.0,True,2012
597998,Delhi Daredevils,Kolkata Knight Riders,128.0,129.0,2013,Kolkata Knight Riders,Kolkata Knight Riders,field,Eden Gardens,Kolkata,257.0,1.0,True,2013
597999,Royal Challengers Bangalore,Mumbai Indians,156.0,154.0,2013,Royal Challengers Bangalore,Mumbai Indians,field,M Chinnaswamy Stadium,Bangalore,310.0,2.0,False,2013
598000,Sunrisers Hyderabad,Pune Warriors,126.0,104.0,2013,Sunrisers Hyderabad,Pune Warriors,field,"Rajiv Gandhi International Stadium, Uppal",Hyderabad,230.0,22.0,False,2013
598001,Rajasthan Royals,Delhi Daredevils,165.0,160.0,2013,Rajasthan Royals,Rajasthan Royals,bat,Feroz Shah Kotla,Delhi,325.0,5.0,False,2013
598002,Mumbai Indians,Chennai Super Kings,148.0,139.0,2013,Mumbai Indians,Mumbai Indians,bat,"MA Chidambaram Stadium, Chepauk",Chennai,287.0,9.0,False,2013
598003,Pune Warriors,Kings XI Punjab,99.0,100.0,2013,Kings XI Punjab,Pune Warriors,bat,Subrata Roy Sahara Stadium,Pune,199.0,1.0,True,2013
598004,Royal Challengers Bangalore,Sunrisers Hyderabad,130.0,130.0,2013,Unknown,Royal Challengers Bangalore,bat,"Rajiv Gandhi International Stadium, Uppal",Hyderabad,260.0,0.0,False,2013
598005,Rajasthan Royals,Kolkata Knight Riders,144.0,125.0,2013,Rajasthan Royals,Kolkata Knight Riders,field,Sawai Mansingh Stadium,Jaipur,269.0,19.0,False,2013
598006,Mumbai Indians,Delhi Daredevils,209.0,165.0,2013,Mumbai Indians,Mumbai Indians,bat,Wankhede Stadium,Mumbai,374.0,44.0,False,2013
598007,Kings XI Punjab,Chennai Super Kings,138.0,139.0,2013,Chennai Super Kings,Chennai Super Kings,field,"Punjab Cricket Association Stadium, Mohali",Chandigarh,277.0,1.0,True,2013
598008,Kolkata Knight Riders,Royal Challengers Bangalore,154.0,158.0,2013,Royal Challengers Bangalore,Royal Challengers Bangalore,field,M Chinnaswamy Stadium,Bangalore,312.0,4.0,True,2013
598009,Rajasthan Royals,Pune Warriors,145.0,148.0,2013,Pune Warriors,Rajasthan Royals,bat,Subrata Roy Sahara Stadium,Pune,293.0,3.0,True,2013
598010,Delhi Daredevils,Sunrisers Hyderabad,114.0,115.0,2013,Sunrisers Hyderabad,Delhi Daredevils,bat,Feroz Shah Kotla,Delhi,229.0,1.0,True,2013
598011,Mumbai Indians,Pune Warriors,183.0,142.0,2013,Mumbai Indians,Mumbai Indians,bat,Wankhede Stadium,Mumbai,325.0,41.0,False,2013
598012,Royal Challengers Bangalore,Chennai Super Kings,165.0,166.0,2013,Chennai Super Kings,Chennai Super Kings,field,"MA Chidambaram Stadium, Chepauk",Chennai,331.0,1.0,True,2013
598013,Kolkata Knight Riders,Sunrisers Hyderabad,180.0,132.0,2013,Kolkata Knight Riders,Kolkata Knight Riders,bat,Eden Gardens,Kolkata,312.0,48.0,False,2013
598014,Kings XI Punjab,Rajasthan Royals,124.0,126.0,2013,Rajasthan Royals,Rajasthan Royals,field,Sawai Mansingh Stadium,Jaipur,250.0,2.0,True,2013
598015,Pune Warriors,Chennai Super Kings,159.0,135.0,2013,Pune Warriors,Pune Warriors,bat,"MA Chidambaram Stadium, Chepauk",Chennai,294.0,24.0,False,2013
598016,Kings XI Punjab,Kolkata Knight Riders,157.0,153.0,2013,Kings XI Punjab,Kolkata Knight Riders,field,"Punjab Cricket Association Stadium, Mohali",Chandigarh,310.0,4.0,False,2013
598017,Delhi Daredevils,Royal Challengers Bangalore,152.0,152.0,2013,Unknown,Royal Challengers Bangalore,field,M Chinnaswamy Stadium,Bangalore,304.0,0.0,False,2013
598018,Sunrisers Hyderabad,Pune Warriors,119.0,108.0,2013,Sunrisers Hyderabad,Pune Warriors,field,Maharashtra Cricket Association Stadium,Pune,227.0,11.0,False,2013
598019,Rajasthan Royals,Mumbai Indians,179.0,92.0,2013,Rajasthan Royals,Rajasthan Royals,bat,Sawai Mansingh Stadium,Jaipur,271.0,87.0,False,2013
598020,Chennai Super Kings,Delhi Daredevils,169.0,83.0,2013,Chennai Super Kings,Chennai Super Kings,bat,Feroz Shah Kotla,Delhi,252.0,86.0,False,2013
598021,Kings XI Punjab,Sunrisers Hyderabad,123.0,127.0,2013,Sunrisers Hyderabad,Kings XI Punjab,bat,"Rajiv Gandhi International Stadium, Uppal",Hyderabad,250.0,4.0,True,2013
598022,Kolkata Knight Riders,Chennai Super Kings,119.0,124.0,2013,Chennai Super Kings,Kolkata Knight Riders,bat,Eden Gardens,Kolkata,243.0,5.0,True,2013
598023,Rajasthan Royals,Royal Challengers Bangalore,117.0,123.0,2013,Royal Challengers Bangalore,Royal Challengers Bangalore,field,M Chinnaswamy Stadium,Bangalore,240.0,6.0,True,2013
598024,Mumbai Indians,Delhi Daredevils,161.0,165.0,2013,Delhi Daredevils,Mumbai Indians,bat,Feroz Shah Kotla,Delhi,326.0,4.0,True,2013
598025,Pune Warriors,Kings XI Punjab,185.0,186.0,2013,Kings XI Punjab,Kings XI Punjab,field,"Punjab Cricket Association Stadium, Mohali",Chandigarh,371.0,1.0,True,2013
598026,Rajasthan Royals,Chennai Super Kings,185.0,186.0,2013,Chennai Super Kings,Rajasthan Royals,bat,"MA Chidambaram Stadium, Chepauk",Chennai,371.0,1.0,True,2013
598027,Royal Challengers Bangalore,Pune Warriors,263.0,133.0,2013,Royal Challengers Bangalore,Pune Warriors,field,M Chinnaswamy Stadium,Bangalore,396.0,130.0,False,2013
598028,Kings XI Punjab,Delhi Daredevils,171.0,164.0,2013,Kings XI Punjab,Delhi Daredevils,field,Himachal Pradesh Cricket Association Stadium,Dharamsala,335.0,7.0,False,2013
598029,Kolkata Knight Riders,Mumbai Indians,159.0,162.0,2013,Mumbai Indians,Kolkata Knight Riders,bat,Eden Gardens,Kolkata,321.0,3.0,True,2013
598030,Sunrisers Hyderabad,Chennai Super Kings,159.0,160.0,2013,Chennai Super Kings,Sunrisers Hyderabad,bat,"MA Chidambaram Stadium, Chepauk",Chennai,319.0,1.0,True,2013
598031,Kings XI Punjab,Kolkata Knight Riders,149.0,150.0,2013,Kolkata Knight Riders,Kings XI Punjab,bat,Eden Gardens,Kolkata,299.0,1.0,True,2013
598032,Sunrisers Hyderabad,Rajasthan Royals,144.0,146.0,2013,Rajasthan Royals,Sunrisers Hyderabad,bat,Sawai Mansingh Stadium,Jaipur,290.0,2.0,True,2013
598033,Mumbai Indians,Royal Challengers Bangalore,194.0,136.0,2013,Mumbai Indians,Mumbai Indians,bat,Wankhede Stadium,Mumbai,330.0,58.0,False,2013
598034,Chennai Super Kings,Kolkata Knight Riders,200.0,186.0,2013,Chennai Super Kings,Kolkata Knight Riders,field,"MA Chidambaram Stadium, Chepauk",Chennai,386.0,14.0,False,2013
598035,Delhi Daredevils,Pune Warriors,164.0,149.0,2013,Delhi Daredevils,Pune Warriors,field,Shaheed Veer Narayan Singh International Stadium,Raipur,313.0,15.0,False,2013
598036,Royal Challengers Bangalore,Rajasthan Royals,171.0,173.0,2013,Rajasthan Royals,Rajasthan Royals,field,Sawai Mansingh Stadium,Jaipur,344.0,2.0,True,2013
598037,Mumbai Indians,Kings XI Punjab,174.0,170.0,2013,Mumbai Indians,Mumbai Indians,bat,Wankhede Stadium,Mumbai,344.0,4.0,False,2013
598038,Chennai Super Kings,Pune Warriors,164.0,127.0,2013,Chennai Super Kings,Chennai Super Kings,bat,Subrata Roy Sahara Stadium,Pune,291.0,37.0,False,2013
598039,Mumbai Indians,Sunrisers Hyderabad,129.0,130.0,2013,Sunrisers Hyderabad,Mumbai Indians,bat,"Rajiv Gandhi International Stadium, Uppal",Hyderabad,259.0,1.0,True,2013
598040,Kolkata Knight Riders,Delhi Daredevils,136.0,137.0,2013,Delhi Daredevils,Kolkata Knight Riders,bat,Shaheed Veer Narayan Singh International Stadium,Raipur,273.0,1.0,True,2013
598041,Chennai Super Kings,Kings XI Punjab,186.0,171.0,2013,Chennai Super Kings,Chennai Super Kings,bat,"MA Chidambaram Stadium, Chepauk",Chennai,357.0,15.0,False,2013
598042,Royal Challengers Bangalore,Pune Warriors,187.0,170.0,2013,Royal Challengers Bangalore,Royal Challengers Bangalore,bat,Subrata Roy Sahara Stadium,Pune,357.0,17.0,False,2013
598043,Rajasthan Royals,Kolkata Knight Riders,132.0,133.0,2013,Kolkata Knight Riders,Rajasthan Royals,bat,Eden Gardens,Kolkata,265.0,1.0,True,2013
598044,Delhi Daredevils,Sunrisers Hyderabad,80.0,81.0,2013,Sunrisers Hyderabad,Delhi Daredevils,bat,"Rajiv Gandhi International Stadium, Uppal",Hyderabad,161.0,1.0,True,2013
598045,Royal Challengers Bangalore,Kings XI Punjab,174.0,176.0,2013,Kings XI Punjab,Kings XI Punjab,field,M Chinnaswamy Stadium,Bangalore,350.0,2.0,True,2013
598046,Mumbai Indians,Chennai Super Kings,139.0,79.0,2013,Mumbai Indians,Mumbai Indians,bat,Wankhede Stadium,Mumbai,218.0,60.0,False,2013
598047,Pune Warriors,Rajasthan Royals,178.0,182.0,2013,Rajasthan Royals,Pune Warriors,bat,Sawai Mansingh Stadium,Jaipur,360.0,4.0,True,2013
598048,Sunrisers Hyderabad,Royal Challengers Bangalore,161.0,162.0,2013,Royal Challengers Bangalore,Sunrisers Hyderabad,bat,M Chinnaswamy Stadium,Bangalore,323.0,1.0,True,2013
598049,Delhi Daredevils,Rajasthan Royals,154.0,155.0,2013,Rajasthan Royals,Delhi Daredevils,bat,Sawai Mansingh Stadium,Jaipur,309.0,1.0,True,2013
598050,Mumbai Indians,Kolkata Knight Riders,170.0,105.0,2013,Mumbai Indians,Mumbai Indians,bat,Wankhede Stadium,Mumbai,275.0,65.0,False,2013
598051,Chennai Super Kings,Sunrisers Hyderabad,223.0,146.0,2013,Chennai Super Kings,Sunrisers Hyderabad,field,"Rajiv Gandhi International Stadium, Uppal",Hyderabad,369.0,77.0,False,2013
598052,Kings XI Punjab,Rajasthan Royals,145.0,147.0,2013,Rajasthan Royals,Rajasthan Royals,field,"Punjab Cricket Association Stadium, Mohali",Chandigarh,292.0,2.0,True,2013
598053,Kolkata Knight Riders,Pune Warriors,152.0,106.0,2013,Kolkata Knight Riders,Kolkata Knight Riders,bat,Subrata Roy Sahara Stadium,Pune,258.0,46.0,False,2013
598054,Royal Challengers Bangalore,Delhi Daredevils,183.0,179.0,2013,Royal Challengers Bangalore,Delhi Daredevils,field,Feroz Shah Kotla,Delhi,362.0,4.0,False,2013
598055,Pune Warriors,Mumbai Indians,112.0,116.0,2013,Mumbai Indians,Pune Warriors,bat,Subrata Roy Sahara Stadium,Pune,228.0,4.0,True,2013
598056,Sunrisers Hyderabad,Kings XI Punjab,150.0,120.0,2013,Sunrisers Hyderabad,Kings XI Punjab,field,"Punjab Cricket Association Stadium, Mohali",Chandigarh,270.0,30.0,False,2013
598057,Royal Challengers Bangalore,Kolkata Knight Riders,115.0,116.0,2013,Kolkata Knight Riders,Kolkata Knight Riders,field,JSCA International Stadium Complex,Ranchi,231.0,1.0,True,2013
598058,Chennai Super Kings,Rajasthan Royals,141.0,144.0,2013,Rajasthan Royals,Rajasthan Royals,field,Sawai Mansingh Stadium,Jaipur,285.0,3.0,True,2013
598059,Delhi Daredevils,Kings XI Punjab,120.0,121.0,2013,Kings XI Punjab,Kings XI Punjab,field,Feroz Shah Kotla,Delhi,241.0,1.0,True,2013
598060,Sunrisers Hyderabad,Mumbai Indians,178.0,184.0,2013,Mumbai Indians,Sunrisers Hyderabad,bat,Wankhede Stadium,Mumbai,362.0,6.0,True,2013
598061,Pune Warriors,Kolkata Knight Riders,170.0,163.0,2013,Pune Warriors,Kolkata Knight Riders,field,JSCA International Stadium Complex,Ranchi,333.0,7.0,False,2013
598062,Chennai Super Kings,Delhi Daredevils,168.0,135.0,2013,Chennai Super Kings,Chennai Super Kings,bat,"MA Chidambaram Stadium, Chepauk",Chennai,303.0,33.0,False,2013
598063,Mumbai Indians,Rajasthan Royals,166.0,152.0,2013,Mumbai Indians,Rajasthan Royals,field,Wankhede Stadium,Mumbai,318.0,14.0,False,2013
598064,Royal Challengers Bangalore,Kings XI Punjab,190.0,194.0,2013,Kings XI Punjab,Kings XI Punjab,field,"Punjab Cricket Association Stadium, Mohali",Chandigarh,384.0,4.0,True,2013
598065,Sunrisers Hyderabad,Rajasthan Royals,136.0,113.0,2013,Sunrisers Hyderabad,Sunrisers Hyderabad,bat,"Rajiv Gandhi International Stadium, Uppal",Hyderabad,249.0,23.0,False,2013
598066,Kings XI Punjab,Mumbai Indians,183.0,133.0,2013,Kings XI Punjab,Mumbai Indians,field,Himachal Pradesh Cricket Association Stadium,Dharamsala,316.0,50.0,False,2013
598067,Pune Warriors,Delhi Daredevils,172.0,134.0,2013,Pune Warriors,Pune Warriors,bat,Subrata Roy Sahara Stadium,Pune,306.0,38.0,False,2013
598068,Royal Challengers Bangalore,Chennai Super Kings,106.0,82.0,2013,Royal Challengers Bangalore,Chennai Super Kings,field,M Chinnaswamy Stadium,Bangalore,188.0,24.0,False,2013
598069,Kolkata Knight Riders,Sunrisers Hyderabad,130.0,132.0,2013,Sunrisers Hyderabad,Kolkata Knight Riders,bat,"Rajiv Gandhi International Stadium, Uppal",Hyderabad,262.0,2.0,True,2013
598070,Chennai Super Kings,Mumbai Indians,192.0,144.0,2013,Chennai Super Kings,Chennai Super Kings,bat,Feroz Shah Kotla,Delhi,336.0,48.0,False,2013
598071,Sunrisers Hyderabad,Rajasthan Royals,132.0,135.0,2013,Rajasthan Royals,Sunrisers Hyderabad,bat,Feroz Shah Kotla,Delhi,267.0,3.0,True,2013
598072,Rajasthan Royals,Mumbai Indians,165.0,169.0,2013,Mumbai Indians,Rajasthan Royals,bat,Eden Gardens,Kolkata,334.0,4.0,True,2013
598073,Mumbai Indians,Chennai Super Kings,148.0,125.0,2013,Mumbai Indians,Mumbai Indians,bat,Eden Gardens,Kolkata,273.0,23.0,False,2013
729279,Kolkata Knight Riders,Mumbai Indians,163.0,122.0,2014,Kolkata Knight Riders,Kolkata Knight Riders,bat,Sheikh Zayed Stadium,Abu Dhabi,285.0,41.0,False,2014
729281,Delhi Daredevils,Royal Challengers Bangalore,145.0,146.0,2014,Royal Challengers Bangalore,Royal Challengers Bangalore,field,Sharjah Cricket Stadium,Unknown,291.0,1.0,True,2014
729283,Chennai Super Kings,Kings XI Punjab,205.0,206.0,2014,Kings XI Punjab,Chennai Super Kings,bat,Sheikh Zayed Stadium,Abu Dhabi,411.0,1.0,True,2014
729285,Sunrisers Hyderabad,Rajasthan Royals,133.0,135.0,2014,Rajasthan Royals,Rajasthan Royals,field,Sheikh Zayed Stadium,Abu Dhabi,268.0,2.0,True,2014
729287,Mumbai Indians,Royal Challengers Bangalore,115.0,116.0,2014,Royal Challengers Bangalore,Royal Challengers Bangalore,field,Dubai International Cricket Stadium,Unknown,231.0,1.0,True,2014
729289,Kolkata Knight Riders,Delhi Daredevils,166.0,167.0,2014,Delhi Daredevils,Kolkata Knight Riders,bat,Dubai International Cricket Stadium,Unknown,333.0,1.0,True,2014
729291,Rajasthan Royals,Kings XI Punjab,191.0,193.0,2014,Kings XI Punjab,Kings XI Punjab,field,Sharjah Cricket Stadium,Unknown,384.0,2.0,True,2014
729293,Chennai Super Kings,Delhi Daredevils,177.0,84.0,2014,Chennai Super Kings,Chennai Super Kings,bat,Sheikh Zayed Stadium,Abu Dhabi,261.0,93.0,False,2014
729295,Kings XI Punjab,Sunrisers Hyderabad,193.0,121.0,2014,Kings XI Punjab,Sunrisers Hyderabad,field,Sharjah Cricket Stadium,Unknown,314.0,72.0,False,2014
729297,Chennai Super Kings,Rajasthan Royals,140.0,133.0,2014,Chennai Super Kings,Rajasthan Royals,field,Dubai International Cricket Stadium,Unknown,273.0,7.0,False,2014
729299,Kolkata Knight Riders,Royal Challengers Bangalore,150.0,148.0,2014,Kolkata Knight Riders,Royal Challengers Bangalore,field,Sharjah Cricket Stadium,Unknown,298.0,2.0,False,2014
729301,Sunrisers Hyderabad,Delhi Daredevils,184.0,180.0,2014,Sunrisers Hyderabad,Sunrisers Hyderabad,bat,Dubai International Cricket Stadium,Unknown,364.0,4.0,False,2014
729303,Mumbai Indians,Chennai Super Kings,141.0,142.0,2014,Chennai Super Kings,Mumbai Indians,bat,Dubai International Cricket Stadium,Unknown,283.0,1.0,True,2014
729305,Royal Challengers Bangalore,Rajasthan Royals,70.0,71.0,2014,Rajasthan Royals,Rajasthan Royals,field,Sheikh Zayed Stadium,Abu Dhabi,141.0,1.0,True,2014
729307,Kings XI Punjab,Kolkata Knight Riders,132.0,109.0,2014,Kings XI Punjab,Kolkata Knight Riders,field,Sheikh Zayed Stadium,Abu Dhabi,241.0,23.0,False,2014
729309,Mumbai Indians,Delhi Daredevils,125.0,126.0,2014,Delhi Daredevils,Mumbai Indians,bat,Sharjah Cricket Stadium,Unknown,251.0,1.0,True,2014
729311,Sunrisers Hyderabad,Chennai Super Kings,145.0,146.0,2014,Chennai Super Kings,Sunrisers Hyderabad,bat,Sharjah Cricket Stadium,Unknown,291.0,1.0,True,2014
729313,Royal Challengers Bangalore,Kings XI Punjab,124.0,127.0,2014,Kings XI Punjab,Kings XI Punjab,field,Dubai International Cricket Stadium,Unknown,251.0,3.0,True,2014
729315,Rajasthan Royals,Kolkata Knight Riders,152.0,152.0,2014,Unknown,Rajasthan Royals,bat,Sheikh Zayed Stadium,Abu Dhabi,304.0,0.0,False,2014
729317,Sunrisers Hyderabad,Mumbai Indians,172.0,157.0,2014,Sunrisers Hyderabad,Mumbai Indians,field,Dubai International Cricket Stadium,Unknown,329.0,15.0,False,2014
733971,Chennai Super Kings,Kolkata Knight Riders,148.0,114.0,2014,Chennai Super Kings,Chennai Super Kings,bat,JSCA International Stadium Complex,Ranchi,262.0,34.0,False,2014
733973,Kings XI Punjab,Mumbai Indians,168.0,170.0,2014,Mumbai Indians,Kings XI Punjab,bat,Wankhede Stadium,Mumbai,338.0,2.0,True,2014
733975,Delhi Daredevils,Rajasthan Royals,152.0,156.0,2014,Rajasthan Royals,Rajasthan Royals,field,Feroz Shah Kotla,Delhi,308.0,4.0,True,2014
733977,Sunrisers Hyderabad,Royal Challengers Bangalore,155.0,158.0,2014,Royal Challengers Bangalore,Royal Challengers Bangalore,field,M Chinnaswamy Stadium,Bangalore,313.0,3.0,True,2014
733979,Rajasthan Royals,Kolkata Knight Riders,170.0,160.0,2014,Rajasthan Royals,Kolkata Knight Riders,field,"Sardar Patel Stadium, Motera",Ahmedabad,330.0,10.0,False,2014
733981,Delhi Daredevils,Chennai Super Kings,178.0,181.0,2014,Chennai Super Kings,Chennai Super Kings,field,Feroz Shah Kotla,Delhi,359.0,3.0,True,2014
733983,Mumbai Indians,Royal Challengers Bangalore,187.0,168.0,2014,Mumbai Indians,Royal Challengers Bangalore,field,Wankhede Stadium,Mumbai,355.0,19.0,False,2014
733985,Delhi Daredevils,Kolkata Knight Riders,160.0,161.0,2014,Kolkata Knight Riders,Delhi Daredevils,bat,Feroz Shah Kotla,Delhi,321.0,1.0,True,2014
733987,Kings XI Punjab,Chennai Super Kings,231.0,187.0,2014,Kings XI Punjab,Chennai Super Kings,field,Barabati Stadium,Cuttack,418.0,44.0,False,2014
733989,Sunrisers Hyderabad,Rajasthan Royals,134.0,102.0,2014,Sunrisers Hyderabad,Rajasthan Royals,field,"Sardar Patel Stadium, Motera",Ahmedabad,236.0,32.0,False,2014
733991,Kings XI Punjab,Royal Challengers Bangalore,198.0,166.0,2014,Kings XI Punjab,Royal Challengers Bangalore,field,M Chinnaswamy Stadium,Bangalore,364.0,32.0,False,2014
733993,Delhi Daredevils,Sunrisers Hyderabad,143.0,44.0,2014,Sunrisers Hyderabad,Sunrisers Hyderabad,field,Feroz Shah Kotla,Delhi,187.0,99.0,True,2014
733995,Mumbai Indians,Chennai Super Kings,157.0,160.0,2014,Chennai Super Kings,Chennai Super Kings,field,Wankhede Stadium,Mumbai,317.0,3.0,True,2014
733997,Kings XI Punjab,Kolkata Knight Riders,149.0,150.0,2014,Kolkata Knight Riders,Kolkata Knight Riders,field,Barabati Stadium,Cuttack,299.0,1.0,True,2014
733999,Royal Challengers Bangalore,Rajasthan Royals,190.0,191.0,2014,Rajasthan Royals,Royal Challengers Bangalore,bat,M Chinnaswamy Stadium,Bangalore,381.0,1.0,True,2014
734001,Sunrisers Hyderabad,Mumbai Indians,157.0,160.0,2014,Mumbai Indians,Sunrisers Hyderabad,bat,"Rajiv Gandhi International Stadium, Uppal",Hyderabad,317.0,3.0,True,2014
734003,Rajasthan Royals,Chennai Super Kings,148.0,149.0,2014,Chennai Super Kings,Rajasthan Royals,bat,JSCA International Stadium Complex,Ranchi,297.0,1.0,True,2014
734005,Royal Challengers Bangalore,Delhi Daredevils,186.0,170.0,2014,Royal Challengers Bangalore,Delhi Daredevils,field,M Chinnaswamy Stadium,Bangalore,356.0,16.0,False,2014
734007,Sunrisers Hyderabad,Kings XI Punjab,205.0,211.0,2014,Kings XI Punjab,Kings XI Punjab,field,"Rajiv Gandhi International Stadium, Uppal",Hyderabad,416.0,6.0,True,2014
734009,Mumbai Indians,Kolkata Knight Riders,141.0,142.0,2014,Kolkata Knight Riders,Kolkata Knight Riders,field,Barabati Stadium,Cuttack,283.0,1.0,True,2014
734011,Rajasthan Royals,Delhi Daredevils,201.0,139.0,2014,Rajasthan Royals,Delhi Daredevils,field,"Sardar Patel Stadium, Motera",Ahmedabad,340.0,62.0,False,2014
734013,Chennai Super Kings,Royal Challengers Bangalore,138.0,142.0,2014,Royal Challengers Bangalore,Chennai Super Kings,bat,JSCA International Stadium Complex,Ranchi,280.0,4.0,True,2014
734015,Sunrisers Hyderabad,Kolkata Knight Riders,142.0,146.0,2014,Kolkata Knight Riders,Sunrisers Hyderabad,bat,"Rajiv Gandhi International Stadium, Uppal",Hyderabad,288.0,4.0,True,2014
734017,Mumbai Indians,Rajasthan Royals,178.0,153.0,2014,Mumbai Indians,Mumbai Indians,bat,"Sardar Patel Stadium, Motera",Ahmedabad,331.0,25.0,False,2014
734019,Delhi Daredevils,Kings XI Punjab,164.0,165.0,2014,Kings XI Punjab,Kings XI Punjab,field,Feroz Shah Kotla,Delhi,329.0,1.0,True,2014
734021,Royal Challengers Bangalore,Sunrisers Hyderabad,160.0,161.0,2014,Sunrisers Hyderabad,Royal Challengers Bangalore,bat,"Rajiv Gandhi International Stadium, Uppal",Hyderabad,321.0,1.0,True,2014
734023,Chennai Super Kings,Kolkata Knight Riders,154.0,156.0,2014,Kolkata Knight Riders,Kolkata Knight Riders,field,Eden Gardens,Kolkata,310.0,2.0,True,2014
734025,Kings XI Punjab,Mumbai Indians,156.0,159.0,2014,Mumbai Indians,Mumbai Indians,field,"Punjab Cricket Association Stadium, Mohali",Chandigarh,315.0,3.0,True,2014
734027,Kolkata Knight Riders,Royal Challengers Bangalore,195.0,165.0,2014,Kolkata Knight Riders,Royal Challengers Bangalore,field,Eden Gardens,Kolkata,360.0,30.0,False,2014
734029,Chennai Super Kings,Sunrisers Hyderabad,185.0,189.0,2014,Sunrisers Hyderabad,Sunrisers Hyderabad,field,JSCA International Stadium Complex,Ranchi,374.0,4.0,True,2014
734031,Mumbai Indians,Delhi Daredevils,173.0,158.0,2014,Mumbai Indians,Delhi Daredevils,field,Wankhede Stadium,Mumbai,331.0,15.0,False,2014
734033,Kings XI Punjab,Rajasthan Royals,179.0,163.0,2014,Kings XI Punjab,Rajasthan Royals,field,"Punjab Cricket Association Stadium, Mohali",Chandigarh,342.0,16.0,False,2014
734035,Royal Challengers Bangalore,Chennai Super Kings,154.0,160.0,2014,Chennai Super Kings,Chennai Super Kings,field,M Chinnaswamy Stadium,Bangalore,314.0,6.0,True,2014
734037,Sunrisers Hyderabad,Kolkata Knight Riders,160.0,161.0,2014,Kolkata Knight Riders,Kolkata Knight Riders,field,Eden Gardens,Kolkata,321.0,1.0,True,2014
734039,Delhi Daredevils,Kings XI Punjab,115.0,119.0,2014,Kings XI Punjab,Kings XI Punjab,field,"Punjab Cricket Association Stadium, Mohali",Chandigarh,234.0,4.0,True,2014
734041,Rajasthan Royals,Mumbai Indians,189.0,195.0,2014,Mumbai Indians,Mumbai Indians,field,Wankhede Stadium,Mumbai,384.0,6.0,True,2014
734043,Kolkata Knight Riders,Kings XI Punjab,163.0,135.0,2014,Kolkata Knight Riders,Kings XI Punjab,field,Eden Gardens,Kolkata,298.0,28.0,False,2014
734045,Mumbai Indians,Chennai Super Kings,173.0,176.0,2014,Chennai Super Kings,Chennai Super Kings,field,Brabourne Stadium,Mumbai,349.0,3.0,True,2014
734047,Kings XI Punjab,Chennai Super Kings,226.0,202.0,2014,Kings XI Punjab,Chennai Super Kings,field,Wankhede Stadium,Mumbai,428.0,24.0,False,2014
734049,Kings XI Punjab,Kolkata Knight Riders,199.0,200.0,2014,Kolkata Knight Riders,Kolkata Knight Riders,field,M Chinnaswamy Stadium,Bangalore,399.0,1.0,True,2014
829705,Mumbai Indians,Kolkata Knight Riders,168.0,170.0,2015,Kolkata Knight Riders,Kolkata Knight Riders,field,Eden Gardens,Kolkata,338.0,2.0,True,2015
829707,Chennai Super Kings,Delhi Daredevils,150.0,149.0,2015,Chennai Super Kings,Delhi Daredevils,field,"MA Chidambaram Stadium, Chepauk",Chennai,299.0,1.0,False,2015
829709,Rajasthan Royals,Kings XI Punjab,162.0,136.0,2015,Rajasthan Royals,Kings XI Punjab,field,Maharashtra Cricket Association Stadium,Pune,298.0,26.0,False,2015
829711,Chennai Super Kings,Sunrisers Hyderabad,209.0,164.0,2015,Chennai Super Kings,Chennai Super Kings,bat,"MA Chidambaram Stadium, Chepauk",Chennai,373.0,45.0,False,2015
829713,Kolkata Knight Riders,Royal Challengers Bangalore,177.0,179.0,2015,Royal Challengers Bangalore,Royal Challengers Bangalore,field,Eden Gardens,Kolkata,356.0,2.0,True,2015
829715,Delhi Daredevils,Rajasthan Royals,184.0,186.0,2015,Rajasthan Royals,Rajasthan Royals,field,Feroz Shah Kotla,Delhi,370.0,2.0,True,2015
829717,Kings XI Punjab,Mumbai Indians,177.0,159.0,2015,Kings XI Punjab,Mumbai Indians,field,Wankhede Stadium,Mumbai,336.0,18.0,False,2015
829719,Royal Challengers Bangalore,Sunrisers Hyderabad,166.0,172.0,2015,Sunrisers Hyderabad,Sunrisers Hyderabad,field,M Chinnaswamy Stadium,Bangalore,338.0,6.0,True,2015
829721,Mumbai Indians,Rajasthan Royals,164.0,165.0,2015,Rajasthan Royals,Mumbai Indians,bat,"Sardar Patel Stadium, Motera",Ahmedabad,329.0,1.0,True,2015
829723,Chennai Super Kings,Kolkata Knight Riders,165.0,169.0,2015,Kolkata Knight Riders,Kolkata Knight Riders,field,Eden Gardens,Kolkata,334.0,4.0,True,2015
829725,Kings XI Punjab,Delhi Daredevils,165.0,169.0,2015,Delhi Daredevils,Kings XI Punjab,bat,Maharashtra Cricket Association Stadium,Pune,334.0,4.0,True,2015
829727,Sunrisers Hyderabad,Rajasthan Royals,127.0,131.0,2015,Rajasthan Royals,Rajasthan Royals,field,Dr. Y.S. Rajasekhara Reddy ACA-VDCA Cricket Stadium,Visakhapatnam,258.0,4.0,True,2015
829729,Mumbai Indians,Chennai Super Kings,183.0,189.0,2015,Chennai Super Kings,Mumbai Indians,bat,Wankhede Stadium,Mumbai,372.0,6.0,True,2015
829731,Delhi Daredevils,Sunrisers Hyderabad,167.0,163.0,2015,Delhi Daredevils,Delhi Daredevils,bat,Dr. Y.S. Rajasekhara Reddy ACA-VDCA Cricket Stadium,Visakhapatnam,330.0,4.0,False,2015
829733,Kings XI Punjab,Kolkata Knight Riders,155.0,159.0,2015,Kolkata Knight Riders,Kolkata Knight Riders,field,Maharashtra Cricket Association Stadium,Pune,314.0,4.0,True,2015
829735,Chennai Super Kings,Rajasthan Royals,156.0,157.0,2015,Rajasthan Royals,Chennai Super Kings,bat,"Sardar Patel Stadium, Motera",Ahmedabad,313.0,1.0,True,2015
829737,Mumbai Indians,Royal Challengers Bangalore,209.0,191.0,2015,Mumbai Indians,Royal Challengers Bangalore,field,M Chinnaswamy Stadium,Bangalore,400.0,18.0,False,2015
829739,Delhi Daredevils,Kolkata Knight Riders,146.0,147.0,2015,Kolkata Knight Riders,Kolkata Knight Riders,field,Feroz Shah Kotla,Delhi,293.0,1.0,True,2015
829741,Rajasthan Royals,Kings XI Punjab,191.0,191.0,2015,Unknown,Kings XI Punjab,field,"Sardar Patel Stadium, Motera",Ahmedabad,382.0,0.0,False,2015
829743,Sunrisers Hyderabad,Kolkata Knight Riders,176.0,101.0,2015,Sunrisers Hyderabad,Kolkata Knight Riders,field,Dr. Y.S. Rajasekhara Reddy ACA-VDCA Cricket Stadium,Visakhapatnam,277.0,75.0,False,2015
829745,Chennai Super Kings,Royal Challengers Bangalore,181.0,154.0,2015,Chennai Super Kings,Royal Challengers Bangalore,field,M Chinnaswamy Stadium,Bangalore,335.0,27.0,False,2015
829747,Delhi Daredevils,Mumbai Indians,190.0,153.0,2015,Delhi Daredevils,Mumbai Indians,field,Feroz Shah Kotla,Delhi,343.0,37.0,False,2015
829749,Rajasthan Royals,Royal Challengers Bangalore,130.0,134.0,2015,Royal Challengers Bangalore,Royal Challengers Bangalore,field,"Sardar Patel Stadium, Motera",Ahmedabad,264.0,4.0,True,2015
829751,Mumbai Indians,Sunrisers Hyderabad,157.0,137.0,2015,Mumbai Indians,Mumbai Indians,bat,Wankhede Stadium,Mumbai,294.0,20.0,False,2015
829753,Chennai Super Kings,Kings XI Punjab,192.0,95.0,2015,Chennai Super Kings,Chennai Super Kings,bat,"MA Chidambaram Stadium, Chepauk",Chennai,287.0,97.0,False,2015
829757,Delhi Daredevils,Royal Challengers Bangalore,95.0,99.0,2015,Royal Challengers Bangalore,Royal Challengers Bangalore,field,Feroz Shah Kotla,Delhi,194.0,4.0,True,2015
829759,Sunrisers Hyderabad,Kings XI Punjab,150.0,130.0,2015,Sunrisers Hyderabad,Kings XI Punjab,field,"Punjab Cricket Association Stadium, Mohali",Chandigarh,280.0,20.0,False,2015
829761,Kolkata Knight Riders,Delhi Daredevils,171.0,158.0,2015,Kolkata Knight Riders,Kolkata Knight Riders,bat,Eden Gardens,Kolkata,329.0,13.0,False,2015
829763,Royal Challengers Bangalore,,200.0,,2015,Unknown,Rajasthan Royals,field,M Chinnaswamy Stadium,Bangalore,,,False,2015
829765,Chennai Super Kings,Kolkata Knight Riders,134.0,132.0,2015,Chennai Super Kings,Kolkata Knight Riders,field,"MA Chidambaram Stadium, Chepauk",Chennai,266.0,2.0,False,2015
829767,Kings XI Punjab,Delhi Daredevils,118.0,119.0,2015,Delhi Daredevils,Delhi Daredevils,field,Feroz Shah Kotla,Delhi,237.0,1.0,True,2015
829769,Mumbai Indians,Rajasthan Royals,187.0,179.0,2015,Mumbai Indians,Rajasthan Royals,field,Wankhede Stadium,Mumbai,366.0,8.0,False,2015
829771,Kolkata Knight Riders,Royal Challengers Bangalore,111.0,115.0,2015,Royal Challengers Bangalore,Royal Challengers Bangalore,field,M Chinnaswamy Stadium,Bangalore,226.0,4.0,True,2015
829773,Sunrisers Hyderabad,Chennai Super Kings,192.0,170.0,2015,Sunrisers Hyderabad,Chennai Super Kings,field,"Rajiv Gandhi International Stadium, Uppal",Hyderabad,362.0,22.0,False,2015
829775,Mumbai Indians,Kings XI Punjab,172.0,149.0,2015,Mumbai Indians,Mumbai Indians,bat,"Punjab Cricket Association Stadium, Mohali",Chandigarh,321.0,23.0,False,2015
829777,Rajasthan Royals,Delhi Daredevils,189.0,175.0,2015,Rajasthan Royals,Delhi Daredevils,field,Brabourne Stadium,Mumbai,364.0,14.0,False,2015
829779,Chennai Super Kings,Royal Challengers Bangalore,148.0,124.0,2015,Chennai Super Kings,Chennai Super Kings,bat,"MA Chidambaram Stadium, Chepauk",Chennai,272.0,24.0,False,2015
829781,Kolkata Knight Riders,Sunrisers Hyderabad,167.0,132.0,2015,Kolkata Knight Riders,Sunrisers Hyderabad,field,Eden Gardens,Kolkata,299.0,35.0,False,2015
829783,Delhi Daredevils,Mumbai Indians,152.0,153.0,2015,Mumbai Indians,Delhi Daredevils,bat,Wankhede Stadium,Mumbai,305.0,1.0,True,2015
829785,Royal Challengers Bangalore,Kings XI Punjab,226.0,88.0,2015,Royal Challengers Bangalore,Kings XI Punjab,field,M Chinnaswamy Stadium,Bangalore,314.0,138.0,False,2015
829787,Sunrisers Hyderabad,Rajasthan Royals,201.0,194.0,2015,Sunrisers Hyderabad,Rajasthan Royals,field,Brabourne Stadium,Mumbai,395.0,7.0,False,2015
829789,Chennai Super Kings,Mumbai Indians,158.0,159.0,2015,Mumbai Indians,Chennai Super Kings,bat,"MA Chidambaram Stadium, Chepauk",Chennai,317.0,1.0,True,2015
829791,Kings XI Punjab,Kolkata Knight Riders,183.0,184.0,2015,Kolkata Knight Riders,Kings XI Punjab,bat,Eden Gardens,Kolkata,367.0,1.0,True,2015
829793,Sunrisers Hyderabad,Delhi Daredevils,163.0,157.0,2015,Sunrisers Hyderabad,Sunrisers Hyderabad,bat,Shaheed Veer Narayan Singh International Stadium,Raipur,320.0,6.0,False,2015
829795,Royal Challengers Bangalore,Mumbai Indians,235.0,196.0,2015,Royal Challengers Bangalore,Royal Challengers Bangalore,bat,Wankhede Stadium,Mumbai,431.0,39.0,False,2015
829797,Chennai Super Kings,Rajasthan Royals,157.0,145.0,2015,Chennai Super Kings,Chennai Super Kings,bat,"MA Chidambaram Stadium, Chepauk",Chennai,302.0,12.0,False,2015
829799,Sunrisers Hyderabad,Kings XI Punjab,185.0,180.0,2015,Sunrisers Hyderabad,Sunrisers Hyderabad,bat,"Rajiv Gandhi International Stadium, Uppal",Hyderabad,365.0,5.0,False,2015
829801,Chennai Super Kings,Delhi Daredevils,119.0,120.0,2015,Delhi Daredevils,Chennai Super Kings,bat,Shaheed Veer Narayan Singh International Stadium,Raipur,239.0,1.0,True,2015
829803,Kings XI Punjab,Royal Challengers Bangalore,106.0,84.0,2015,Kings XI Punjab,Royal Challengers Bangalore,field,"Punjab Cricket Association Stadium, Mohali",Chandigarh,190.0,22.0,False,2015
829805,Mumbai Indians,Kolkata Knight Riders,171.0,166.0,2015,Mumbai Indians,Kolkata Knight Riders,field,Wankhede Stadium,Mumbai,337.0,5.0,False,2015
829807,Sunrisers Hyderabad,Royal Challengers Bangalore,135.0,83.0,2015,Royal Challengers Bangalore,Sunrisers Hyderabad,bat,"Rajiv Gandhi International Stadium, Uppal",Hyderabad,218.0,52.0,True,2015
829809,Kings XI Punjab,Chennai Super Kings,130.0,134.0,2015,Chennai Super Kings,Kings XI Punjab,bat,"Punjab Cricket Association Stadium, Mohali",Chandigarh,264.0,4.0,True,2015
829811,Rajasthan Royals,Kolkata Knight Riders,199.0,190.0,2015,Rajasthan Royals,Rajasthan Royals,bat,Brabourne Stadium,Mumbai,389.0,9.0,False,2015
829813,Delhi Daredevils,Royal Challengers Bangalore,187.0,2.0,2015,Unknown,Royal Challengers Bangalore,field,M Chinnaswamy Stadium,Bangalore,189.0,185.0,False,2015
829815,Sunrisers Hyderabad,Mumbai Indians,113.0,114.0,2015,Mumbai Indians,Sunrisers Hyderabad,bat,"Rajiv Gandhi International Stadium, Uppal",Hyderabad,227.0,1.0,True,2015
829817,Mumbai Indians,Chennai Super Kings,187.0,162.0,2015,Mumbai Indians,Mumbai Indians,bat,Wankhede Stadium,Mumbai,349.0,25.0,False,2015
829819,Royal Challengers Bangalore,Rajasthan Royals,180.0,109.0,2015,Royal Challengers Bangalore,Royal Challengers Bangalore,bat,Maharashtra Cricket Association Stadium,Pune,289.0,71.0,False,2015
829821,Royal Challengers Bangalore,Chennai Super Kings,139.0,140.0,2015,Chennai Super Kings,Chennai Super Kings,field,JSCA International Stadium Complex,Ranchi,279.0,1.0,True,2015
829823,Mumbai Indians,Chennai Super Kings,202.0,161.0,2015,Mumbai Indians,Chennai Super Kings,field,Eden Gardens,Kolkata,363.0,41.0,False,2015
980901,Mumbai Indians,Rising Pune Supergiants,121.0,126.0,2016,Rising Pune Supergiants,Mumbai Indians,bat,Wankhede Stadium,Mumbai,247.0,5.0,True,2016
980903,Delhi Daredevils,Kolkata Knight Riders,98.0,99.0,2016,Kolkata Knight Riders,Kolkata Knight Riders,field,Eden Gardens,Kolkata,197.0,1.0,True,2016
980905,Kings XI Punjab,Gujarat Lions,161.0,162.0,2016,Gujarat Lions,Gujarat Lions,field,"Punjab Cricket Association IS Bindra Stadium, Mohali",Chandigarh,323.0,1.0,True,2016
980907,Royal Challengers Bangalore,Sunrisers Hyderabad,227.0,182.0,2016,Royal Challengers Bangalore,Sunrisers Hyderabad,field,M Chinnaswamy Stadium,Bangalore,409.0,45.0,False,2016
980909,Kolkata Knight Riders,Mumbai Indians,187.0,188.0,2016,Mumbai Indians,Mumbai Indians,field,Eden Gardens,Kolkata,375.0,1.0,True,2016
980911,Rising Pune Supergiants,Gujarat Lions,163.0,164.0,2016,Gujarat Lions,Rising Pune Supergiants,bat,Saurashtra Cricket Association Stadium,Rajkot,327.0,1.0,True,2016
980913,Kings XI Punjab,Delhi Daredevils,111.0,113.0,2016,Delhi Daredevils,Delhi Daredevils,field,Feroz Shah Kotla,Delhi,224.0,2.0,True,2016
980915,Sunrisers Hyderabad,Kolkata Knight Riders,142.0,146.0,2016,Kolkata Knight Riders,Sunrisers Hyderabad,bat,"Rajiv Gandhi International Stadium, Uppal",Hyderabad,288.0,4.0,True,2016
980917,Mumbai Indians,Gujarat Lions,143.0,147.0,2016,Gujarat Lions,Gujarat Lions,field,Wankhede Stadium,Mumbai,290.0,4.0,True,2016
980919,Rising Pune Supergiants,Kings XI Punjab,152.0,153.0,2016,Kings XI Punjab,Rising Pune Supergiants,bat,"Punjab Cricket Association IS Bindra Stadium, Mohali",Chandigarh,305.0,1.0,True,2016
980921,Royal Challengers Bangalore,Delhi Daredevils,191.0,192.0,2016,Delhi Daredevils,Delhi Daredevils,field,M Chinnaswamy Stadium,Bangalore,383.0,1.0,True,2016
980923,Mumbai Indians,Sunrisers Hyderabad,142.0,145.0,2016,Sunrisers Hyderabad,Sunrisers Hyderabad,field,"Rajiv Gandhi International Stadium, Uppal",Hyderabad,287.0,3.0,True,2016
980925,Kings XI Punjab,Kolkata Knight Riders,138.0,141.0,2016,Kolkata Knight Riders,Kolkata Knight Riders,field,"Punjab Cricket Association IS Bindra Stadium, Mohali",Chandigarh,279.0,3.0,True,2016
980927,Royal Challengers Bangalore,Mumbai Indians,170.0,171.0,2016,Mumbai Indians,Mumbai Indians,field,Wankhede Stadium,Mumbai,341.0,1.0,True,2016
980929,Gujarat Lions,Sunrisers Hyderabad,135.0,137.0,2016,Sunrisers Hyderabad,Sunrisers Hyderabad,field,Saurashtra Cricket Association Stadium,Rajkot,272.0,2.0,True,2016
980931,Royal Challengers Bangalore,Rising Pune Supergiants,185.0,172.0,2016,Royal Challengers Bangalore,Rising Pune Supergiants,field,Maharashtra Cricket Association Stadium,Pune,357.0,13.0,False,2016
980933,Delhi Daredevils,Mumbai Indians,164.0,154.0,2016,Delhi Daredevils,Mumbai Indians,field,Feroz Shah Kotla,Delhi,318.0,10.0,False,2016
980935,Kings XI Punjab,Sunrisers Hyderabad,143.0,146.0,2016,Sunrisers Hyderabad,Sunrisers Hyderabad,field,"Rajiv Gandhi International Stadium, Uppal",Hyderabad,289.0,3.0,True,2016
980937,Royal Challengers Bangalore,Gujarat Lions,180.0,182.0,2016,Gujarat Lions,Royal Challengers Bangalore,bat,Saurashtra Cricket Association Stadium,Rajkot,362.0,2.0,True,2016
980939,Rising Pune Supergiants,Kolkata Knight Riders,160.0,162.0,2016,Kolkata Knight Riders,Kolkata Knight Riders,field,Maharashtra Cricket Association Stadium,Pune,322.0,2.0,True,2016
980941,Mumbai Indians,Kings XI Punjab,189.0,164.0,2016,Mumbai Indians,Kings XI Punjab,field,"Punjab Cricket Association IS Bindra Stadium, Mohali",Chandigarh,353.0,25.0,False,2016
980943,Sunrisers Hyderabad,Rising Pune Supergiants,118.0,94.0,2016,Rising Pune Supergiants,Rising Pune Supergiants,field,"Rajiv Gandhi International Stadium, Uppal",Hyderabad,212.0,24.0,True,2016
980945,Gujarat Lions,Delhi Daredevils,172.0,171.0,2016,Gujarat Lions,Delhi Daredevils,field,Feroz Shah Kotla,Delhi,343.0,1.0,False,2016
980947,Kolkata Knight Riders,Mumbai Indians,174.0,178.0,2016,Mumbai Indians,Mumbai Indians,field,Wankhede Stadium,Mumbai,352.0,4.0,True,2016
980949,Rising Pune Supergiants,Gujarat Lions,195.0,196.0,2016,Gujarat Lions,Gujarat Lions,field,Maharashtra Cricket Association Stadium,Pune,391.0,1.0,True,2016
980951,Delhi Daredevils,Kolkata Knight Riders,186.0,159.0,2016,Delhi Daredevils,Kolkata Knight Riders,field,Feroz Shah Kotla,Delhi,345.0,27.0,False,2016
980953,Sunrisers Hyderabad,Royal Challengers Bangalore,194.0,179.0,2016,Sunrisers Hyderabad,Royal Challengers Bangalore,field,"Rajiv Gandhi International Stadium, Uppal",Hyderabad,373.0,15.0,False,2016
980955,Kings XI Punjab,Gujarat Lions,154.0,131.0,2016,Kings XI Punjab,Gujarat Lions,field,Saurashtra Cricket Association Stadium,Rajkot,285.0,23.0,False,2016
980957,Rising Pune Supergiants,Mumbai Indians,159.0,161.0,2016,Mumbai Indians,Mumbai Indians,field,Maharashtra Cricket Association Stadium,Pune,320.0,2.0,True,2016
980959,Royal Challengers Bangalore,Kolkata Knight Riders,185.0,189.0,2016,Kolkata Knight Riders,Kolkata Knight Riders,field,M Chinnaswamy Stadium,Bangalore,374.0,4.0,True,2016
980961,Gujarat Lions,Delhi Daredevils,149.0,150.0,2016,Delhi Daredevils,Delhi Daredevils,field,Saurashtra Cricket Association Stadium,Rajkot,299.0,1.0,True,2016
980963,Kolkata Knight Riders,Kings XI Punjab,164.0,157.0,2016,Kolkata Knight Riders,Kings XI Punjab,field,Eden Gardens,Kolkata,321.0,7.0,False,2016
980965,Delhi Daredevils,Rising Pune Supergiants,162.0,166.0,2016,Rising Pune Supergiants,Rising Pune Supergiants,field,Feroz Shah Kotla,Delhi,328.0,4.0,True,2016
980967,Gujarat Lions,Sunrisers Hyderabad,126.0,129.0,2016,Sunrisers Hyderabad,Sunrisers Hyderabad,field,"Rajiv Gandhi International Stadium, Uppal",Hyderabad,255.0,3.0,True,2016
980969,Rising Pune Supergiants,Royal Challengers Bangalore,191.0,195.0,2016,Royal Challengers Bangalore,Royal Challengers Bangalore,field,M Chinnaswamy Stadium,Bangalore,386.0,4.0,True,2016
980971,Kings XI Punjab,Delhi Daredevils,181.0,172.0,2016,Kings XI Punjab,Delhi Daredevils,field,"Punjab Cricket Association IS Bindra Stadium, Mohali",Chandigarh,353.0,9.0,False,2016
980973,Sunrisers Hyderabad,Mumbai Indians,177.0,92.0,2016,Sunrisers Hyderabad,Mumbai Indians,field,Dr. Y.S. Rajasekhara Reddy ACA-VDCA Cricket Stadium,Visakhapatnam,269.0,85.0,False,2016
980975,Kolkata Knight Riders,Gujarat Lions,158.0,164.0,2016,Gujarat Lions,Gujarat Lions,field,Eden Gardens,Kolkata,322.0,6.0,True,2016
980977,Royal Challengers Bangalore,Kings XI Punjab,175.0,174.0,2016,Royal Challengers Bangalore,Kings XI Punjab,field,"Punjab Cricket Association IS Bindra Stadium, Mohali",Chandigarh,349.0,1.0,False,2016
980979,Sunrisers Hyderabad,Rising Pune Supergiants,137.0,133.0,2016,Sunrisers Hyderabad,Sunrisers Hyderabad,bat,Dr. Y.S. Rajasekhara Reddy ACA-VDCA Cricket Stadium,Visakhapatnam,270.0,4.0,False,2016
980981,Royal Challengers Bangalore,Mumbai Indians,151.0,153.0,2016,Mumbai Indians,Mumbai Indians,field,M Chinnaswamy Stadium,Bangalore,304.0,2.0,True,2016
980983,Sunrisers Hyderabad,Delhi Daredevils,146.0,150.0,2016,Delhi Daredevils,Delhi Daredevils,field,"Rajiv Gandhi International Stadium, Uppal",Hyderabad,296.0,4.0,True,2016
980985,Mumbai Indians,Kings XI Punjab,124.0,127.0,2016,Kings XI Punjab,Mumbai Indians,bat,Dr. Y.S. Rajasekhara Reddy ACA-VDCA Cricket Stadium,Visakhapatnam,251.0,3.0,True,2016
980987,Royal Challengers Bangalore,Gujarat Lions,248.0,104.0,2016,Royal Challengers Bangalore,Gujarat Lions,field,M Chinnaswamy Stadium,Bangalore,352.0,144.0,False,2016
980989,Rising Pune Supergiants,Kolkata Knight Riders,103.0,66.0,2016,Kolkata Knight Riders,Rising Pune Supergiants,bat,Eden Gardens,Kolkata,169.0,37.0,True,2016
980991,Kings XI Punjab,Sunrisers Hyderabad,179.0,180.0,2016,Sunrisers Hyderabad,Kings XI Punjab,bat,"Punjab Cricket Association IS Bindra Stadium, Mohali",Chandigarh,359.0,1.0,True,2016
980993,Mumbai Indians,Delhi Daredevils,206.0,126.0,2016,Mumbai Indians,Delhi Daredevils,field,Dr. Y.S. Rajasekhara Reddy ACA-VDCA Cricket Stadium,Visakhapatnam,332.0,80.0,False,2016
980995,Kolkata Knight Riders,Royal Challengers Bangalore,183.0,186.0,2016,Royal Challengers Bangalore,Royal Challengers Bangalore,field,Eden Gardens,Kolkata,369.0,3.0,True,2016
980997,Delhi Daredevils,Rising Pune Supergiants,121.0,76.0,2016,Rising Pune Supergiants,Rising Pune Supergiants,field,Dr. Y.S. Rajasekhara Reddy ACA-VDCA Cricket Stadium,Visakhapatnam,197.0,45.0,True,2016
980999,Royal Challengers Bangalore,Kings XI Punjab,211.0,120.0,2016,Royal Challengers Bangalore,Kings XI Punjab,field,M Chinnaswamy Stadium,Bangalore,331.0,91.0,False,2016
981001,Kolkata Knight Riders,Gujarat Lions,124.0,125.0,2016,Gujarat Lions,Gujarat Lions,field,Green Park,Kanpur,249.0,1.0,True,2016
981003,Sunrisers Hyderabad,Delhi Daredevils,158.0,161.0,2016,Delhi Daredevils,Delhi Daredevils,field,Shaheed Veer Narayan Singh International Stadium,Raipur,319.0,3.0,True,2016
981005,Kings XI Punjab,Rising Pune Supergiants,172.0,173.0,2016,Rising Pune Supergiants,Kings XI Punjab,bat,Dr. Y.S. Rajasekhara Reddy ACA-VDCA Cricket Stadium,Visakhapatnam,345.0,1.0,True,2016
981007,Mumbai Indians,Gujarat Lions,172.0,173.0,2016,Gujarat Lions,Gujarat Lions,field,Green Park,Kanpur,345.0,1.0,True,2016
981009,Kolkata Knight Riders,Sunrisers Hyderabad,171.0,149.0,2016,Kolkata Knight Riders,Sunrisers Hyderabad,field,Eden Gardens,Kolkata,320.0,22.0,False,2016
981011,Delhi Daredevils,Royal Challengers Bangalore,138.0,139.0,2016,Royal Challengers Bangalore,Royal Challengers Bangalore,field,Shaheed Veer Narayan Singh International Stadium,Raipur,277.0,1.0,True,2016
981013,Gujarat Lions,Royal Challengers Bangalore,158.0,159.0,2016,Royal Challengers Bangalore,Royal Challengers Bangalore,field,M Chinnaswamy Stadium,Bangalore,317.0,1.0,True,2016
981015,Sunrisers Hyderabad,Kolkata Knight Riders,162.0,140.0,2016,Sunrisers Hyderabad,Kolkata Knight Riders,field,Feroz Shah Kotla,Delhi,302.0,22.0,False,2016
981017,Gujarat Lions,Sunrisers Hyderabad,162.0,163.0,2016,Sunrisers Hyderabad,Sunrisers Hyderabad,field,Feroz Shah Kotla,Delhi,325.0,1.0,True,2016
981019,Sunrisers Hyderabad,Royal Challengers Bangalore,208.0,200.0,2016,Sunrisers Hyderabad,Sunrisers Hyderabad,bat,M Chinnaswamy Stadium,Bangalore,408.0,8.0,False,2016
1082591,Sunrisers Hyderabad,Royal Challengers Bangalore,207.0,172.0,2017,Sunrisers Hyderabad,Royal Challengers Bangalore,field,"Rajiv Gandhi International Stadium, Uppal",Hyderabad,379.0,35.0,False,2017
1082592,Mumbai Indians,Rising Pune Supergiant,184.0,187.0,2017,Rising Pune Supergiant,Rising Pune Supergiant,field,Maharashtra Cricket Association Stadium,Pune,371.0,3.0,True,2017
1082593,Gujarat Lions,Kolkata Knight Riders,183.0,184.0,2017,Kolkata Knight Riders,Kolkata Knight Riders,field,Saurashtra Cricket Association Stadium,Rajkot,367.0,1.0,True,2017
1082594,Rising Pune Supergiant,Kings XI Punjab,163.0,164.0,2017,Kings XI Punjab,Kings XI Punjab,field,Holkar Cricket Stadium,Indore,327.0,1.0,True,2017
1082595,Royal Challengers Bangalore,Delhi Daredevils,157.0,142.0,2017,Royal Challengers Bangalore,Royal Challengers Bangalore,bat,M.Chinnaswamy Stadium,Bengaluru,299.0,15.0,False,2017
1082596,Gujarat Lions,Sunrisers Hyderabad,135.0,140.0,2017,Sunrisers Hyderabad,Sunrisers Hyderabad,field,"Rajiv Gandhi International Stadium, Uppal",Hyderabad,275.0,5.0,True,2017
1082597,Kolkata Knight Riders,Mumbai Indians,178.0,180.0,2017,Mumbai Indians,Mumbai Indians,field,Wankhede Stadium,Mumbai,358.0,2.0,True,2017
1082598,Royal Challengers Bangalore,Kings XI Punjab,148.0,150.0,2017,Kings XI Punjab,Royal Challengers Bangalore,bat,Holkar Cricket Stadium,Indore,298.0,2.0,True,2017
1082599,Delhi Daredevils,Rising Pune Supergiant,205.0,108.0,2017,Delhi Daredevils,Rising Pune Supergiant,field,Maharashtra Cricket Association Stadium,Pune,313.0,97.0,False,2017
1082600,Sunrisers Hyderabad,Mumbai Indians,158.0,159.0,2017,Mumbai Indians,Mumbai Indians,field,Wankhede Stadium,Mumbai,317.0,1.0,True,2017
1082601,Kings XI Punjab,Kolkata Knight Riders,170.0,171.0,2017,Kolkata Knight Riders,Kolkata Knight Riders,field,Eden Gardens,Kolkata,341.0,1.0,True,2017
1082602,Royal Challengers Bangalore,Mumbai Indians,142.0,145.0,2017,Mumbai Indians,Mumbai Indians,field,M Chinnaswamy Stadium,Bangalore,287.0,3.0,True,2017
1082603,Rising Pune Supergiant,Gujarat Lions,171.0,172.0,2017,Gujarat Lions,Gujarat Lions,field,Saurashtra Cricket Association Stadium,Rajkot,343.0,1.0,True,2017
1082604,Kolkata Knight Riders,Sunrisers Hyderabad,172.0,155.0,2017,Kolkata Knight Riders,Sunrisers Hyderabad,field,Eden Gardens,Kolkata,327.0,17.0,False,2017
1082605,Delhi Daredevils,Kings XI Punjab,188.0,137.0,2017,Delhi Daredevils,Delhi Daredevils,bat,Feroz Shah Kotla,Delhi,325.0,51.0,False,2017
1082606,Gujarat Lions,Mumbai Indians,176.0,177.0,2017,Mumbai Indians,Mumbai Indians,field,Wankhede Stadium,Mumbai,353.0,1.0,True,2017
1082607,Rising Pune Supergiant,Royal Challengers Bangalore,161.0,134.0,2017,Rising Pune Supergiant,Royal Challengers Bangalore,field,M Chinnaswamy Stadium,Bangalore,295.0,27.0,False,2017
1082608,Delhi Daredevils,Kolkata Knight Riders,168.0,169.0,2017,Kolkata Knight Riders,Delhi Daredevils,bat,Feroz Shah Kotla,Delhi,337.0,1.0,True,2017
1082609,Sunrisers Hyderabad,Kings XI Punjab,159.0,154.0,2017,Sunrisers Hyderabad,Kings XI Punjab,field,"Rajiv Gandhi International Stadium, Uppal",Hyderabad,313.0,5.0,False,2017
1082610,Royal Challengers Bangalore,Gujarat Lions,213.0,192.0,2017,Royal Challengers Bangalore,Gujarat Lions,field,Saurashtra Cricket Association Stadium,Rajkot,405.0,21.0,False,2017
1082611,Sunrisers Hyderabad,Delhi Daredevils,191.0,176.0,2017,Sunrisers Hyderabad,Sunrisers Hyderabad,bat,"Rajiv Gandhi International Stadium, Uppal",Hyderabad,367.0,15.0,False,2017
1082612,Kings XI Punjab,Mumbai Indians,198.0,199.0,2017,Mumbai Indians,Mumbai Indians,field,Holkar Cricket Stadium,Indore,397.0,1.0,True,2017
1082613,Kolkata Knight Riders,Gujarat Lions,187.0,188.0,2017,Gujarat Lions,Gujarat Lions,field,Eden Gardens,Kolkata,375.0,1.0,True,2017
1082614,Mumbai Indians,Delhi Daredevils,142.0,128.0,2017,Mumbai Indians,Delhi Daredevils,field,Wankhede Stadium,Mumbai,270.0,14.0,False,2017
1082615,Sunrisers Hyderabad,Rising Pune Supergiant,176.0,179.0,2017,Rising Pune Supergiant,Rising Pune Supergiant,field,Maharashtra Cricket Association Stadium,Pune,355.0,3.0,True,2017
1082616,Kings XI Punjab,Gujarat Lions,188.0,162.0,2017,Kings XI Punjab,Gujarat Lions,field,Saurashtra Cricket Association Stadium,Rajkot,350.0,26.0,False,2017
1082617,Kolkata Knight Riders,Royal Challengers Bangalore,131.0,49.0,2017,Kolkata Knight Riders,Royal Challengers Bangalore,field,Eden Gardens,Kolkata,180.0,82.0,False,2017
1082618,Rising Pune Supergiant,Mumbai Indians,160.0,157.0,2017,Rising Pune Supergiant,Mumbai Indians,field,Wankhede Stadium,Mumbai,317.0,3.0,False,2017
1082620,Rising Pune Supergiant,Kolkata Knight Riders,182.0,184.0,2017,Kolkata Knight Riders,Kolkata Knight Riders,field,Maharashtra Cricket Association Stadium,Pune,366.0,2.0,True,2017
1082621,Royal Challengers Bangalore,Gujarat Lions,134.0,135.0,2017,Gujarat Lions,Gujarat Lions,field,M Chinnaswamy Stadium,Bangalore,269.0,1.0,True,2017
1082622,Delhi Daredevils,Kolkata Knight Riders,160.0,161.0,2017,Kolkata Knight Riders,Kolkata Knight Riders,field,Eden Gardens,Kolkata,321.0,1.0,True,2017
1082623,Sunrisers Hyderabad,Kings XI Punjab,207.0,181.0,2017,Sunrisers Hyderabad,Kings XI Punjab,field,"Punjab Cricket Association IS Bindra Stadium, Mohali",Chandigarh,388.0,26.0,False,2017
1082624,Rising Pune Supergiant,Royal Challengers Bangalore,157.0,96.0,2017,Rising Pune Supergiant,Royal Challengers Bangalore,field,Maharashtra Cricket Association Stadium,Pune,253.0,61.0,False,2017
1082625,Gujarat Lions,Mumbai Indians,153.0,153.0,2017,Unknown,Gujarat Lions,bat,Saurashtra Cricket Association Stadium,Rajkot,306.0,0.0,False,2017
1082626,Delhi Daredevils,Kings XI Punjab,67.0,68.0,2017,Kings XI Punjab,Kings XI Punjab,field,"Punjab Cricket Association IS Bindra Stadium, Mohali",Chandigarh,135.0,1.0,True,2017
1082627,Sunrisers Hyderabad,Kolkata Knight Riders,209.0,161.0,2017,Sunrisers Hyderabad,Kolkata Knight Riders,field,"Rajiv Gandhi International Stadium, Uppal",Hyderabad,370.0,48.0,False,2017
1082628,Royal Challengers Bangalore,Mumbai Indians,162.0,165.0,2017,Mumbai Indians,Royal Challengers Bangalore,bat,Wankhede Stadium,Mumbai,327.0,3.0,True,2017
1082629,Gujarat Lions,Rising Pune Supergiant,161.0,167.0,2017,Rising Pune Supergiant,Rising Pune Supergiant,field,Maharashtra Cricket Association Stadium,Pune,328.0,6.0,True,2017
1082630,Sunrisers Hyderabad,Delhi Daredevils,185.0,189.0,2017,Delhi Daredevils,Delhi Daredevils,field,Feroz Shah Kotla,Delhi,374.0,4.0,True,2017
1082631,Kolkata Knight Riders,Rising Pune Supergiant,155.0,158.0,2017,Rising Pune Supergiant,Rising Pune Supergiant,field,Eden Gardens,Kolkata,313.0,3.0,True,2017
1082632,Gujarat Lions,Delhi Daredevils,208.0,214.0,2017,Delhi Daredevils,Delhi Daredevils,field,Feroz Shah Kotla,Delhi,422.0,6.0,True,2017
1082633,Kings XI Punjab,Royal Challengers Bangalore,138.0,119.0,2017,Kings XI Punjab,Royal Challengers Bangalore,field,M Chinnaswamy Stadium,Bangalore,257.0,19.0,False,2017
1082634,Rising Pune Supergiant,Sunrisers Hyderabad,148.0,136.0,2017,Rising Pune Supergiant,Sunrisers Hyderabad,field,"Rajiv Gandhi International Stadium, Uppal",Hyderabad,284.0,12.0,False,2017
1082635,Mumbai Indians,Delhi Daredevils,212.0,66.0,2017,Mumbai Indians,Delhi Daredevils,field,Feroz Shah Kotla,Delhi,278.0,146.0,False,2017
1082636,Royal Challengers Bangalore,Kolkata Knight Riders,158.0,159.0,2017,Kolkata Knight Riders,Kolkata Knight Riders,field,M Chinnaswamy Stadium,Bangalore,317.0,1.0,True,2017
1082637,Kings XI Punjab,Gujarat Lions,189.0,192.0,2017,Gujarat Lions,Gujarat Lions,field,"Punjab Cricket Association IS Bindra Stadium, Mohali",Chandigarh,381.0,3.0,True,2017
1082638,Mumbai Indians,Sunrisers Hyderabad,138.0,140.0,2017,Sunrisers Hyderabad,Mumbai Indians,bat,"Rajiv Gandhi International Stadium, Uppal",Hyderabad,278.0,2.0,True,2017
1082639,Kings XI Punjab,Kolkata Knight Riders,167.0,153.0,2017,Kings XI Punjab,Kolkata Knight Riders,field,"Punjab Cricket Association IS Bindra Stadium, Mohali",Chandigarh,320.0,14.0,False,2017
1082640,Gujarat Lions,Delhi Daredevils,195.0,197.0,2017,Delhi Daredevils,Delhi Daredevils,field,Green Park,Kanpur,392.0,2.0,True,2017
1082641,Kings XI Punjab,Mumbai Indians,230.0,223.0,2017,Kings XI Punjab,Mumbai Indians,field,Wankhede Stadium,Mumbai,453.0,7.0,False,2017
1082642,Delhi Daredevils,Rising Pune Supergiant,168.0,161.0,2017,Delhi Daredevils,Delhi Daredevils,bat,Feroz Shah Kotla,Delhi,329.0,7.0,False,2017
1082643,Gujarat Lions,Sunrisers Hyderabad,154.0,158.0,2017,Sunrisers Hyderabad,Sunrisers Hyderabad,field,Green Park,Kanpur,312.0,4.0,True,2017
1082644,Mumbai Indians,Kolkata Knight Riders,173.0,164.0,2017,Mumbai Indians,Kolkata Knight Riders,field,Eden Gardens,Kolkata,337.0,9.0,False,2017
1082645,Kings XI Punjab,Rising Pune Supergiant,73.0,78.0,2017,Rising Pune Supergiant,Rising Pune Supergiant,field,Maharashtra Cricket Association Stadium,Pune,151.0,5.0,True,2017
1082646,Royal Challengers Bangalore,Delhi Daredevils,161.0,151.0,2017,Royal Challengers Bangalore,Royal Challengers Bangalore,bat,Feroz Shah Kotla,Delhi,312.0,10.0,False,2017
1082647,Rising Pune Supergiant,Mumbai Indians,162.0,142.0,2017,Rising Pune Supergiant,Mumbai Indians,field,Wankhede Stadium,Mumbai,304.0,20.0,False,2017
1082648,Sunrisers Hyderabad,Kolkata Knight Riders,128.0,48.0,2017,Kolkata Knight Riders,Kolkata Knight Riders,field,M Chinnaswamy Stadium,Bangalore,176.0,80.0,True,2017
1082649,Kolkata Knight Riders,Mumbai Indians,107.0,111.0,2017,Mumbai Indians,Mumbai Indians,field,M Chinnaswamy Stadium,Bangalore,218.0,4.0,True,2017
1082650,Mumbai Indians,Rising Pune Supergiant,129.0,128.0,2017,Mumbai Indians,Mumbai Indians,bat,"Rajiv Gandhi International Stadium, Uppal",Hyderabad,257.0,1.0,False,2017
1136561,Mumbai Indians,Chennai Super Kings,165.0,169.0,2018,Chennai Super Kings,Chennai Super Kings,field,Wankhede Stadium,Mumbai,334.0,4.0,True,2018
1136562,Delhi Daredevils,Kings XI Punjab,166.0,167.0,2018,Kings XI Punjab,Kings XI Punjab,field,Punjab Cricket Association IS Bindra Stadium,Chandigarh,333.0,1.0,True,2018
1136563,Royal Challengers Bangalore,Kolkata Knight Riders,176.0,177.0,2018,Kolkata Knight Riders,Kolkata Knight Riders,field,Eden Gardens,Kolkata,353.0,1.0,True,2018
1136564,Rajasthan Royals,Sunrisers Hyderabad,125.0,127.0,2018,Sunrisers Hyderabad,Sunrisers Hyderabad,field,Rajiv Gandhi International Stadium,Hyderabad,252.0,2.0,True,2018
1136565,Kolkata Knight Riders,Chennai Super Kings,202.0,205.0,2018,Chennai Super Kings,Chennai Super Kings,field,MA Chidambaram Stadium,Chennai,407.0,3.0,True,2018
1136566,Rajasthan Royals,Delhi Daredevils,153.0,60.0,2018,Rajasthan Royals,Delhi Daredevils,field,Sawai Mansingh Stadium,Jaipur,213.0,93.0,False,2018
1136567,Mumbai Indians,Sunrisers Hyderabad,147.0,151.0,2018,Sunrisers Hyderabad,Sunrisers Hyderabad,field,Rajiv Gandhi International Stadium,Hyderabad,298.0,4.0,True,2018
1136568,Kings XI Punjab,Royal Challengers Bangalore,155.0,159.0,2018,Royal Challengers Bangalore,Royal Challengers Bangalore,field,M.Chinnaswamy Stadium,Bengaluru,314.0,4.0,True,2018
1136569,Mumbai Indians,Delhi Daredevils,194.0,195.0,2018,Delhi Daredevils,Delhi Daredevils,field,Wankhede Stadium,Mumbai,389.0,1.0,True,2018
1136570,Kolkata Knight Riders,Sunrisers Hyderabad,138.0,139.0,2018,Sunrisers Hyderabad,Sunrisers Hyderabad,field,Eden Gardens,Kolkata,277.0,1.0,True,2018
1136571,Rajasthan Royals,Royal Challengers Bangalore,217.0,198.0,2018,Rajasthan Royals,Royal Challengers Bangalore,field,M.Chinnaswamy Stadium,Bengaluru,415.0,19.0,False,2018
1136572,Kings XI Punjab,Chennai Super Kings,197.0,193.0,2018,Kings XI Punjab,Chennai Super Kings,field,Punjab Cricket Association IS Bindra Stadium,Chandigarh,390.0,4.0,False,2018
1136573,Kolkata Knight Riders,Delhi Daredevils,200.0,129.0,2018,Kolkata Knight Riders,Delhi Daredevils,field,Eden Gardens,Kolkata,329.0,71.0,False,2018
1136574,Mumbai Indians,Royal Challengers Bangalore,213.0,167.0,2018,Mumbai Indians,Royal Challengers Bangalore,field,Wankhede Stadium,Mumbai,380.0,46.0,False,2018
1136575,Rajasthan Royals,Kolkata Knight Riders,160.0,163.0,2018,Kolkata Knight Riders,Kolkata Knight Riders,field,Sawai Mansingh Stadium,Jaipur,323.0,3.0,True,2018
1136576,Kings XI Punjab,Sunrisers Hyderabad,193.0,178.0,2018,Kings XI Punjab,Kings XI Punjab,bat,Punjab Cricket Association IS Bindra Stadium,Chandigarh,371.0,15.0,False,2018
1136577,Chennai Super Kings,Rajasthan Royals,204.0,140.0,2018,Chennai Super Kings,Rajasthan Royals,field,Maharashtra Cricket Association Stadium,Pune,344.0,64.0,False,2018
1136578,Kolkata Knight Riders,Kings XI Punjab,191.0,126.0,2018,Kings XI Punjab,Kings XI Punjab,field,Eden Gardens,Kolkata,317.0,65.0,True,2018
1136579,Delhi Daredevils,Royal Challengers Bangalore,174.0,176.0,2018,Royal Challengers Bangalore,Royal Challengers Bangalore,field,M.Chinnaswamy Stadium,Bengaluru,350.0,2.0,True,2018
1136580,Chennai Super Kings,Sunrisers Hyderabad,182.0,178.0,2018,Chennai Super Kings,Sunrisers Hyderabad,field,Rajiv Gandhi International Stadium,Hyderabad,360.0,4.0,False,2018
1136581,Mumbai Indians,Rajasthan Royals,167.0,168.0,2018,Rajasthan Royals,Mumbai Indians,bat,Sawai Mansingh Stadium,Jaipur,335.0,1.0,True,2018
1136582,Kings XI Punjab,Delhi Daredevils,143.0,139.0,2018,Kings XI Punjab,Delhi Daredevils,field,Arun Jaitley Stadium,Delhi,282.0,4.0,False,2018
1136583,Sunrisers Hyderabad,Mumbai Indians,118.0,87.0,2018,Sunrisers Hyderabad,Mumbai Indians,field,Wankhede Stadium,Mumbai,205.0,31.0,False,2018
1136584,Royal Challengers Bangalore,Chennai Super Kings,205.0,207.0,2018,Chennai Super Kings,Chennai Super Kings,field,M.Chinnaswamy Stadium,Bengaluru,412.0,2.0,True,2018
1136585,Sunrisers Hyderabad,Kings XI Punjab,132.0,119.0,2018,Sunrisers Hyderabad,Kings XI Punjab,field,Rajiv Gandhi International Stadium,Hyderabad,251.0,13.0,False,2018
1136586,Delhi Daredevils,Kolkata Knight Riders,219.0,164.0,2018,Delhi Daredevils,Kolkata Knight Riders,field,Arun Jaitley Stadium,Delhi,383.0,55.0,False,2018
1136587,Chennai Super Kings,Mumbai Indians,169.0,170.0,2018,Mumbai Indians,Mumbai Indians,field,Maharashtra Cricket Association Stadium,Pune,339.0,1.0,True,2018
1136588,Sunrisers Hyderabad,Rajasthan Royals,151.0,140.0,2018,Sunrisers Hyderabad,Sunrisers Hyderabad,bat,Sawai Mansingh Stadium,Jaipur,291.0,11.0,False,2018
1136589,Royal Challengers Bangalore,Kolkata Knight Riders,175.0,176.0,2018,Kolkata Knight Riders,Kolkata Knight Riders,field,M.Chinnaswamy Stadium,Bengaluru,351.0,1.0,True,2018
1136590,Chennai Super Kings,Delhi Daredevils,211.0,198.0,2018,Chennai Super Kings,Delhi Daredevils,field,Maharashtra Cricket Association Stadium,Pune,409.0,13.0,False,2018
1136591,Royal Challengers Bangalore,Mumbai Indians,167.0,153.0,2018,Royal Challengers Bangalore,Mumbai Indians,field,M.Chinnaswamy Stadium,Bengaluru,320.0,14.0,False,2018
1136592,Delhi Daredevils,Rajasthan Royals,196.0,146.0,2018,Delhi Daredevils,Rajasthan Royals,field,Arun Jaitley Stadium,Delhi,342.0,50.0,False,2018
1136593,Chennai Super Kings,Kolkata Knight Riders,177.0,180.0,2018,Kolkata Knight Riders,Kolkata Knight Riders,field,Eden Gardens,Kolkata,357.0,3.0,True,2018
1136594,Kings XI Punjab,Mumbai Indians,174.0,176.0,2018,Mumbai Indians,Mumbai Indians,field,Holkar Cricket Stadium,Indore,350.0,2.0,True,2018
1136595,Royal Challengers Bangalore,Chennai Super Kings,127.0,128.0,2018,Chennai Super Kings,Chennai Super Kings,field,Maharashtra Cricket Association Stadium,Pune,255.0,1.0,True,2018
1136596,Delhi Daredevils,Sunrisers Hyderabad,163.0,164.0,2018,Sunrisers Hyderabad,Delhi Daredevils,bat,Rajiv Gandhi International Stadium,Hyderabad,327.0,1.0,True,2018
1136597,Mumbai Indians,Kolkata Knight Riders,181.0,168.0,2018,Mumbai Indians,Kolkata Knight Riders,field,Wankhede Stadium,Mumbai,349.0,13.0,False,2018
1136598,Rajasthan Royals,Kings XI Punjab,152.0,155.0,2018,Kings XI Punjab,Kings XI Punjab,field,Holkar Cricket Stadium,Indore,307.0,3.0,True,2018
1136599,Sunrisers Hyderabad,Royal Challengers Bangalore,146.0,141.0,2018,Sunrisers Hyderabad,Royal Challengers Bangalore,field,Rajiv Gandhi International Stadium,Hyderabad,287.0,5.0,False,2018
1136600,Rajasthan Royals,Kings XI Punjab,158.0,143.0,2018,Rajasthan Royals,Rajasthan Royals,bat,Sawai Mansingh Stadium,Jaipur,301.0,15.0,False,2018
1136601,Mumbai Indians,Kolkata Knight Riders,210.0,108.0,2018,Mumbai Indians,Kolkata Knight Riders,field,Eden Gardens,Kolkata,318.0,102.0,False,2018
1136602,Delhi Daredevils,Sunrisers Hyderabad,187.0,191.0,2018,Sunrisers Hyderabad,Delhi Daredevils,bat,Arun Jaitley Stadium,Delhi,378.0,4.0,True,2018
1136603,Chennai Super Kings,Rajasthan Royals,176.0,177.0,2018,Rajasthan Royals,Chennai Super Kings,bat,Sawai Mansingh Stadium,Jaipur,353.0,1.0,True,2018
1136604,Kolkata Knight Riders,Kings XI Punjab,245.0,214.0,2018,Kolkata Knight Riders,Kings XI Punjab,field,Holkar Cricket Stadium,Indore,459.0,31.0,False,2018
1136605,Delhi Daredevils,Royal Challengers Bangalore,181.0,187.0,2018,Royal Challengers Bangalore,Royal Challengers Bangalore,field,Arun Jaitley Stadium,Delhi,368.0,6.0,True,2018
1136606,Sunrisers Hyderabad,Chennai Super Kings,179.0,180.0,2018,Chennai Super Kings,Chennai Super Kings,field,Maharashtra Cricket Association Stadium,Pune,359.0,1.0,True,2018
1136607,Mumbai Indians,Rajasthan Royals,168.0,171.0,2018,Rajasthan Royals,Rajasthan Royals,field,Wankhede Stadium,Mumbai,339.0,3.0,True,2018
1136608,Kings XI Punjab,Royal Challengers Bangalore,88.0,92.0,2018,Royal Challengers Bangalore,Royal Challengers Bangalore,field,Holkar Cricket Stadium,Indore,180.0,4.0,True,2018
1136609,Rajasthan Royals,Kolkata Knight Riders,142.0,145.0,2018,Kolkata Knight Riders,Kolkata Knight Riders,field,Eden Gardens,Kolkata,287.0,3.0,True,2018
1136610,Mumbai Indians,Kings XI Punjab,186.0,183.0,2018,Mumbai Indians,Kings XI Punjab,field,Wankhede Stadium,Mumbai,369.0,3.0,False,2018
1136611,Royal Challengers Bangalore,Sunrisers Hyderabad,218.0,204.0,2018,Royal Challengers Bangalore,Sunrisers Hyderabad,field,M.Chinnaswamy Stadium,Bengaluru,422.0,14.0,False,2018
1136612,Delhi Daredevils,Chennai Super Kings,162.0,128.0,2018,Delhi Daredevils,Chennai Super Kings,field,Arun Jaitley Stadium,Delhi,290.0,34.0,False,2018
1136613,Rajasthan Royals,Royal Challengers Bangalore,164.0,134.0,2018,Rajasthan Royals,Rajasthan Royals,bat,Sawai Mansingh Stadium,Jaipur,298.0,30.0,False,2018
1136614,Sunrisers Hyderabad,Kolkata Knight Riders,172.0,173.0,2018,Kolkata Knight Riders,Sunrisers Hyderabad,bat,Rajiv Gandhi International Stadium,Hyderabad,345.0,1.0,True,2018
1136615,Delhi Daredevils,Mumbai Indians,174.0,163.0,2018,Delhi Daredevils,Delhi Daredevils,bat,Arun Jaitley Stadium,Delhi,337.0,11.0,False,2018
1136616,Kings XI Punjab,Chennai Super Kings,153.0,159.0,2018,Chennai Super Kings,Chennai Super Kings,field,Maharashtra Cricket Association Stadium,Pune,312.0,6.0,True,2018
1136617,Sunrisers Hyderabad,Chennai Super Kings,139.0,140.0,2018,Chennai Super Kings,Chennai Super Kings,field,Wankhede Stadium,Mumbai,279.0,1.0,True,2018
1136618,Kolkata Knight Riders,Rajasthan Royals,169.0,144.0,2018,Kolkata Knight Riders,Rajasthan Royals,field,Eden Gardens,Kolkata,313.0,25.0,False,2018
1136619,Sunrisers Hyderabad,Kolkata Knight Riders,174.0,160.0,2018,Sunrisers Hyderabad,Kolkata Knight Riders,field,Eden Gardens,Kolkata,334.0,14.0,False,2018
1136620,Sunrisers Hyderabad,Chennai Super Kings,178.0,181.0,2018,Chennai Super Kings,Chennai Super Kings,field,Wankhede Stadium,Mumbai,359.0,3.0,True,2018
1175356,Royal Challengers Bangalore,Chennai Super Kings,70.0,71.0,2019,Chennai Super Kings,Chennai Super Kings,field,MA Chidambaram Stadium,Chennai,141.0,1.0,True,2019
1175357,Sunrisers Hyderabad,Kolkata Knight Riders,181.0,183.0,2019,Kolkata Knight Riders,Kolkata Knight Riders,field,Eden Gardens,Kolkata,364.0,2.0,True,2019
1175358,Delhi Capitals,Mumbai Indians,213.0,176.0,2019,Delhi Capitals,Mumbai Indians,field,Wankhede Stadium,Mumbai,389.0,37.0,False,2019
1175359,Kings XI Punjab,Rajasthan Royals,184.0,170.0,2019,Kings XI Punjab,Rajasthan Royals,field,Sawai Mansingh Stadium,Jaipur,354.0,14.0,False,2019
1175360,Delhi Capitals,Chennai Super Kings,147.0,150.0,2019,Chennai Super Kings,Delhi Capitals,bat,Arun Jaitley Stadium,Delhi,297.0,3.0,True,2019
1175361,Kolkata Knight Riders,Kings XI Punjab,218.0,190.0,2019,Kolkata Knight Riders,Kings XI Punjab,field,Eden Gardens,Kolkata,408.0,28.0,False,2019
1175362,Mumbai Indians,Royal Challengers Bangalore,187.0,181.0,2019,Mumbai Indians,Royal Challengers Bangalore,field,M.Chinnaswamy Stadium,Bengaluru,368.0,6.0,False,2019
1175363,Rajasthan Royals,Sunrisers Hyderabad,198.0,201.0,2019,Sunrisers Hyderabad,Rajasthan Royals,bat,Rajiv Gandhi International Stadium,Hyderabad,399.0,3.0,True,2019
1175364,Mumbai Indians,Kings XI Punjab,176.0,177.0,2019,Kings XI Punjab,Kings XI Punjab,field,Punjab Cricket Association IS Bindra Stadium,Chandigarh,353.0,1.0,True,2019
1175365,Kolkata Knight Riders,Delhi Capitals,185.0,185.0,2019,Unknown,Delhi Capitals,field,Arun Jaitley Stadium,Delhi,370.0,0.0,False,2019
1175366,Sunrisers Hyderabad,Royal Challengers Bangalore,231.0,113.0,2019,Sunrisers Hyderabad,Royal Challengers Bangalore,field,Rajiv Gandhi International Stadium,Hyderabad,344.0,118.0,False,2019
1175367,Chennai Super Kings,Rajasthan Royals,175.0,167.0,2019,Chennai Super Kings,Rajasthan Royals,field,MA Chidambaram Stadium,Chennai,342.0,8.0,False,2019
1175368,Kings XI Punjab,Delhi Capitals,166.0,152.0,2019,Kings XI Punjab,Delhi Capitals,field,Punjab Cricket Association IS Bindra Stadium,Chandigarh,318.0,14.0,False,2019
1175369,Royal Challengers Bangalore,Rajasthan Royals,158.0,164.0,2019,Rajasthan Royals,Rajasthan Royals,field,Sawai Mansingh Stadium,Jaipur,322.0,6.0,True,2019
1175370,Mumbai Indians,Chennai Super Kings,170.0,133.0,2019,Mumbai Indians,Chennai Super Kings,field,Wankhede Stadium,Mumbai,303.0,37.0,False,2019
1175371,Delhi Capitals,Sunrisers Hyderabad,129.0,131.0,2019,Sunrisers Hyderabad,Sunrisers Hyderabad,field,Arun Jaitley Stadium,Delhi,260.0,2.0,True,2019
1175372,Royal Challengers Bangalore,Kolkata Knight Riders,205.0,206.0,2019,Kolkata Knight Riders,Kolkata Knight Riders,field,M.Chinnaswamy Stadium,Bengaluru,411.0,1.0,True,2019
1178393,Chennai Super Kings,Kings XI Punjab,160.0,138.0,2019,Chennai Super Kings,Chennai Super Kings,bat,MA Chidambaram Stadium,Chennai,298.0,22.0,False,2019
1178394,Mumbai Indians,Sunrisers Hyderabad,136.0,96.0,2019,Mumbai Indians,Sunrisers Hyderabad,field,Rajiv Gandhi International Stadium,Hyderabad,232.0,40.0,False,2019
1178395,Royal Challengers Bangalore,Delhi Capitals,149.0,152.0,2019,Delhi Capitals,Delhi Capitals,field,M.Chinnaswamy Stadium,Bengaluru,301.0,3.0,True,2019
1178396,Rajasthan Royals,Kolkata Knight Riders,139.0,140.0,2019,Kolkata Knight Riders,Kolkata Knight Riders,field,Sawai Mansingh Stadium,Jaipur,279.0,1.0,True,2019
1178397,Sunrisers Hyderabad,Kings XI Punjab,150.0,151.0,2019,Kings XI Punjab,Kings XI Punjab,field,Punjab Cricket Association IS Bindra Stadium,Chandigarh,301.0,1.0,True,2019
1178398,Kolkata Knight Riders,Chennai Super Kings,108.0,111.0,2019,Chennai Super Kings,Chennai Super Kings,field,MA Chidambaram Stadium,Chennai,219.0,3.0,True,2019
1178399,Kings XI Punjab,Mumbai Indians,197.0,198.0,2019,Mumbai Indians,Mumbai Indians,field,Wankhede Stadium,Mumbai,395.0,1.0,True,2019
1178400,Rajasthan Royals,Chennai Super Kings,151.0,155.0,2019,Chennai Super Kings,Chennai Super Kings,field,Sawai Mansingh Stadium,Jaipur,306.0,4.0,True,2019
1178401,Kolkata Knight Riders,Delhi Capitals,178.0,180.0,2019,Delhi Capitals,Delhi Capitals,field,Eden Gardens,Kolkata,358.0,2.0,True,2019
1178402,Mumbai Indians,Rajasthan Royals,187.0,188.0,2019,Rajasthan Royals,Rajasthan Royals,field,Wankhede Stadium,Mumbai,375.0,1.0,True,2019
1178403,Kings XI Punjab,Royal Challengers Bangalore,173.0,174.0,2019,Royal Challengers Bangalore,Royal Challengers Bangalore,field,Punjab Cricket Association IS Bindra Stadium,Chandigarh,347.0,1.0,True,2019
1178404,Kolkata Knight Riders,Chennai Super Kings,161.0,162.0,2019,Chennai Super Kings,Chennai Super Kings,field,Eden Gardens,Kolkata,323.0,1.0,True,2019
1178405,Delhi Capitals,Sunrisers Hyderabad,155.0,116.0,2019,Delhi Capitals,Sunrisers Hyderabad,field,Rajiv Gandhi International Stadium,Hyderabad,271.0,39.0,False,2019
1178406,Royal Challengers Bangalore,Mumbai Indians,171.0,172.0,2019,Mumbai Indians,Mumbai Indians,field,Wankhede Stadium,Mumbai,343.0,1.0,True,2019
1178407,Kings XI Punjab,Rajasthan Royals,182.0,170.0,2019,Kings XI Punjab,Rajasthan Royals,field,Punjab Cricket Association IS Bindra Stadium,Chandigarh,352.0,12.0,False,2019
1178408,Chennai Super Kings,Sunrisers Hyderabad,132.0,137.0,2019,Sunrisers Hyderabad,Chennai Super Kings,bat,Rajiv Gandhi International Stadium,Hyderabad,269.0,5.0,True,2019
1178409,Mumbai Indians,Delhi Capitals,168.0,128.0,2019,Mumbai Indians,Mumbai Indians,bat,Arun Jaitley Stadium,Delhi,296.0,40.0,False,2019
1178410,Royal Challengers Bangalore,Kolkata Knight Riders,213.0,203.0,2019,Royal Challengers Bangalore,Kolkata Knight Riders,field,Eden Gardens,Kolkata,416.0,10.0,False,2019
1178411,Mumbai Indians,Rajasthan Royals,161.0,162.0,2019,Rajasthan Royals,Rajasthan Royals,field,Sawai Mansingh Stadium,Jaipur,323.0,1.0,True,2019
1178412,Kings XI Punjab,Delhi Capitals,163.0,166.0,2019,Delhi Capitals,Delhi Capitals,field,Arun Jaitley Stadium,Delhi,329.0,3.0,True,2019
1178413,Kolkata Knight Riders,Sunrisers Hyderabad,159.0,161.0,2019,Sunrisers Hyderabad,Sunrisers Hyderabad,field,Rajiv Gandhi International Stadium,Hyderabad,320.0,2.0,True,2019
1178414,Royal Challengers Bangalore,Chennai Super Kings,161.0,160.0,2019,Royal Challengers Bangalore,Chennai Super Kings,field,M.Chinnaswamy Stadium,Bengaluru,321.0,1.0,False,2019
1178415,Rajasthan Royals,Delhi Capitals,191.0,193.0,2019,Delhi Capitals,Delhi Capitals,field,Sawai Mansingh Stadium,Jaipur,384.0,2.0,True,2019
1178416,Sunrisers Hyderabad,Chennai Super Kings,175.0,176.0,2019,Chennai Super Kings,Chennai Super Kings,field,MA Chidambaram Stadium,Chennai,351.0,1.0,True,2019
1178417,Royal Challengers Bangalore,Kings XI Punjab,202.0,185.0,2019,Royal Challengers Bangalore,Kings XI Punjab,field,M.Chinnaswamy Stadium,Bengaluru,387.0,17.0,False,2019
1178418,Kolkata Knight Riders,Rajasthan Royals,175.0,177.0,2019,Rajasthan Royals,Rajasthan Royals,field,Eden Gardens,Kolkata,352.0,2.0,True,2019
1178419,Mumbai Indians,Chennai Super Kings,155.0,109.0,2019,Mumbai Indians,Chennai Super Kings,field,MA Chidambaram Stadium,Chennai,264.0,46.0,False,2019
1178420,Sunrisers Hyderabad,Rajasthan Royals,160.0,161.0,2019,Rajasthan Royals,Rajasthan Royals,field,Sawai Mansingh Stadium,Jaipur,321.0,1.0,True,2019
1178421,Delhi Capitals,Royal Challengers Bangalore,187.0,171.0,2019,Delhi Capitals,Delhi Capitals,bat,Arun Jaitley Stadium,Delhi,358.0,16.0,False,2019
1178422,Kolkata Knight Riders,Mumbai Indians,232.0,198.0,2019,Kolkata Knight Riders,Mumbai Indians,field,Eden Gardens,Kolkata,430.0,34.0,False,2019
1178423,Sunrisers Hyderabad,Kings XI Punjab,212.0,167.0,2019,Sunrisers Hyderabad,Kings XI Punjab,field,Rajiv Gandhi International Stadium,Hyderabad,379.0,45.0,False,2019
1178424,Royal Challengers Bangalore,Rajasthan Royals,62.0,41.0,2019,Unknown,Rajasthan Royals,field,M.Chinnaswamy Stadium,Bengaluru,103.0,21.0,False,2019
1178425,Chennai Super Kings,Delhi Capitals,179.0,99.0,2019,Chennai Super Kings,Delhi Capitals,field,MA Chidambaram Stadium,Chennai,278.0,80.0,False,2019
1178426,Mumbai Indians,Sunrisers Hyderabad,162.0,162.0,2019,Unknown,Mumbai Indians,bat,Wankhede Stadium,Mumbai,324.0,0.0,False,2019
1178427,Kings XI Punjab,Kolkata Knight Riders,183.0,185.0,2019,Kolkata Knight Riders,Kolkata Knight Riders,field,Punjab Cricket Association IS Bindra Stadium,Chandigarh,368.0,2.0,True,2019
1178428,Rajasthan Royals,Delhi Capitals,115.0,121.0,2019,Delhi Capitals,Rajasthan Royals,bat,Arun Jaitley Stadium,Delhi,236.0,6.0,True,2019
1178429,Sunrisers Hyderabad,Royal Challengers Bangalore,175.0,178.0,2019,Royal Challengers Bangalore,Royal Challengers Bangalore,field,M.Chinnaswamy Stadium,Bengaluru,353.0,3.0,True,2019
1178430,Chennai Super Kings,Kings XI Punjab,170.0,173.0,2019,Kings XI Punjab,Kings XI Punjab,field,Punjab Cricket Association IS Bindra Stadium,Chandigarh,343.0,3.0,True,2019
1178431,Kolkata Knight Riders,Mumbai Indians,133.0,134.0,2019,Mumbai Indians,Mumbai Indians,field,Wankhede Stadium,Mumbai,267.0,1.0,True,2019
1181764,Chennai Super Kings,Mumbai Indians,131.0,132.0,2019,Mumbai Indians,Chennai Super Kings,bat,MA Chidambaram Stadium,Chennai,263.0,1.0,True,2019
1181766,Sunrisers Hyderabad,Delhi Capitals,162.0,165.0,2019,Delhi Capitals,Delhi Capitals,field,Dr. Y.S. Rajasekhara Reddy ACA-VDCA Cricket Stadium,Visakhapatnam,327.0,3.0,True,2019
1181767,Delhi Capitals,Chennai Super Kings,147.0,151.0,2019,Chennai Super Kings,Chennai Super Kings,field,Dr. Y.S. Rajasekhara Reddy ACA-VDCA Cricket Stadium,Visakhapatnam,298.0,4.0,True,2019
1181768,Mumbai Indians,Chennai Super Kings,149.0,148.0,2019,Mumbai Indians,Mumbai Indians,bat,Rajiv Gandhi International Stadium,Hyderabad,297.0,1.0,False,2019
1216492,Mumbai Indians,Chennai Super Kings,162.0,166.0,2020/21,Chennai Super Kings,Chennai Super Kings,field,Sheikh Zayed Stadium,Abu Dhabi,328.0,4.0,True,2020
1216493,Delhi Capitals,Kings XI Punjab,157.0,157.0,2020/21,Unknown,Kings XI Punjab,field,Dubai International Cricket Stadium,Unknown,314.0,0.0,False,2020
1216494,Kolkata Knight Riders,Royal Challengers Bangalore,84.0,85.0,2020/21,Royal Challengers Bangalore,Kolkata Knight Riders,bat,Sheikh Zayed Stadium,Abu Dhabi,169.0,1.0,True,2020
1216495,Mumbai Indians,Sunrisers Hyderabad,149.0,151.0,2020/21,Sunrisers Hyderabad,Sunrisers Hyderabad,field,Sharjah Cricket Stadium,Unknown,300.0,2.0,True,2020
1216496,Rajasthan Royals,Chennai Super Kings,216.0,200.0,2020/21,Rajasthan Royals,Chennai Super Kings,field,Sharjah Cricket Stadium,Unknown,416.0,16.0,False,2020
1216497,Kolkata Knight Riders,Delhi Capitals,194.0,135.0,2020/21,Kolkata Knight Riders,Delhi Capitals,field,Sheikh Zayed Stadium,Abu Dhabi,329.0,59.0,False,2020
1216498,Kings XI Punjab,Sunrisers Hyderabad,126.0,114.0,2020/21,Kings XI Punjab,Sunrisers Hyderabad,field,Dubai International Cricket Stadium,Unknown,240.0,12.0,False,2020
1216499,Royal Challengers Bangalore,Mumbai Indians,164.0,166.0,2020/21,Mumbai Indians,Mumbai Indians,field,Sheikh Zayed Stadium,Abu Dhabi,330.0,2.0,True,2020
1216500,Delhi Capitals,Rajasthan Royals,184.0,138.0,2020/21,Delhi Capitals,Rajasthan Royals,field,Sharjah Cricket Stadium,Unknown,322.0,46.0,False,2020
1216501,Kolkata Knight Riders,Chennai Super Kings,167.0,157.0,2020/21,Kolkata Knight Riders,Kolkata Knight Riders,bat,Sheikh Zayed Stadium,Abu Dhabi,324.0,10.0,False,2020
1216502,Royal Challengers Bangalore,Sunrisers Hyderabad,120.0,121.0,2020/21,Sunrisers Hyderabad,Sunrisers Hyderabad,field,Sharjah Cricket Stadium,Unknown,241.0,1.0,True,2020
1216503,Mumbai Indians,Kings XI Punjab,191.0,143.0,2020/21,Mumbai Indians,Kings XI Punjab,field,Sheikh Zayed Stadium,Abu Dhabi,334.0,48.0,False,2020
1216504,Kolkata Knight Riders,Rajasthan Royals,174.0,137.0,2020/21,Kolkata Knight Riders,Rajasthan Royals,field,Dubai International Cricket Stadium,Unknown,311.0,37.0,False,2020
1216505,Royal Challengers Bangalore,Delhi Capitals,152.0,154.0,2020/21,Delhi Capitals,Delhi Capitals,field,Sheikh Zayed Stadium,Abu Dhabi,306.0,2.0,True,2020
1216506,Kings XI Punjab,Chennai Super Kings,153.0,154.0,2020/21,Chennai Super Kings,Chennai Super Kings,field,Sheikh Zayed Stadium,Abu Dhabi,307.0,1.0,True,2020
1216507,Sunrisers Hyderabad,Rajasthan Royals,158.0,163.0,2020/21,Rajasthan Royals,Sunrisers Hyderabad,bat,Dubai International Cricket Stadium,Unknown,321.0,5.0,True,2020
1216508,Mumbai Indians,Kolkata Knight Riders,195.0,146.0,2020/21,Mumbai Indians,Kolkata Knight Riders,field,Sheikh Zayed Stadium,Abu Dhabi,341.0,49.0,False,2020
1216509,Chennai Super Kings,Delhi Capitals,179.0,185.0,2020/21,Delhi Capitals,Chennai Super Kings,bat,Sharjah Cricket Stadium,Unknown,364.0,6.0,True,2020
1216510,Kings XI Punjab,Royal Challengers Bangalore,206.0,109.0,2020/21,Kings XI Punjab,Royal Challengers Bangalore,field,Dubai International Cricket Stadium,Unknown,315.0,97.0,False,2020
1216511,Mumbai Indians,Rajasthan Royals,193.0,136.0,2020/21,Mumbai Indians,Mumbai Indians,bat,Sheikh Zayed Stadium,Abu Dhabi,329.0,57.0,False,2020
1216512,Kolkata Knight Riders,Sunrisers Hyderabad,163.0,163.0,2020/21,Unknown,Sunrisers Hyderabad,field,Sheikh Zayed Stadium,Abu Dhabi,326.0,0.0,False,2020
1216513,Kings XI Punjab,Chennai Super Kings,178.0,181.0,2020/21,Chennai Super Kings,Kings XI Punjab,bat,Dubai International Cricket Stadium,Unknown,359.0,3.0,True,2020
1216514,Rajasthan Royals,Royal Challengers Bangalore,154.0,158.0,2020/21,Royal Challengers Bangalore,Rajasthan Royals,bat,Sheikh Zayed Stadium,Abu Dhabi,312.0,4.0,True,2020
1216515,Delhi Capitals,Kolkata Knight Riders,228.0,210.0,2020/21,Delhi Capitals,Kolkata Knight Riders,field,Sharjah Cricket Stadium,Unknown,438.0,18.0,False,2020
1216516,Sunrisers Hyderabad,Chennai Super Kings,164.0,157.0,2020/21,Sunrisers Hyderabad,Sunrisers Hyderabad,bat,Dubai International Cricket Stadium,Unknown,321.0,7.0,False,2020
1216517,Mumbai Indians,Kings XI Punjab,176.0,176.0,2020/21,Unknown,Mumbai Indians,bat,Dubai International Cricket Stadium,Unknown,352.0,0.0,False,2020
1216518,Rajasthan Royals,Sunrisers Hyderabad,154.0,156.0,2020/21,Sunrisers Hyderabad,Sunrisers Hyderabad,field,Dubai International Cricket Stadium,Unknown,310.0,2.0,True,2020
1216519,Delhi Capitals,Royal Challengers Bangalore,196.0,137.0,2020/21,Delhi Capitals,Royal Challengers Bangalore,field,Dubai International Cricket Stadium,Unknown,333.0,59.0,False,2020
1216520,Kolkata Knight Riders,Kings XI Punjab,149.0,150.0,2020/21,Kings XI Punjab,Kings XI Punjab,field,Sharjah Cricket Stadium,Unknown,299.0,1.0,True,2020
1216521,Chennai Super Kings,Mumbai Indians,114.0,116.0,2020/21,Mumbai Indians,Mumbai Indians,field,Sharjah Cricket Stadium,Unknown,230.0,2.0,True,2020
1216522,Rajasthan Royals,Royal Challengers Bangalore,177.0,179.0,2020/21,Royal Challengers Bangalore,Rajasthan Royals,bat,Dubai International Cricket Stadium,Unknown,356.0,2.0,True,2020
1216523,Kolkata Knight Riders,Kings XI Punjab,164.0,162.0,2020/21,Kolkata Knight Riders,Kolkata Knight Riders,bat,Sheikh Zayed Stadium,Abu Dhabi,326.0,2.0,False,2020
1216524,Sunrisers Hyderabad,Delhi Capitals,219.0,131.0,2020/21,Sunrisers Hyderabad,Delhi Capitals,field,Dubai International Cricket Stadium,Unknown,350.0,88.0,False,2020
1216525,Royal Challengers Bangalore,Chennai Super Kings,169.0,132.0,2020/21,Royal Challengers Bangalore,Royal Challengers Bangalore,bat,Dubai International Cricket Stadium,Unknown,301.0,37.0,False,2020
1216526,Kolkata Knight Riders,Mumbai Indians,148.0,149.0,2020/21,Mumbai Indians,Kolkata Knight Riders,bat,Sheikh Zayed Stadium,Abu Dhabi,297.0,1.0,True,2020
1216527,Kings XI Punjab,Rajasthan Royals,223.0,226.0,2020/21,Rajasthan Royals,Rajasthan Royals,field,Sharjah Cricket Stadium,Unknown,449.0,3.0,True,2020
1216528,Chennai Super Kings,Sunrisers Hyderabad,167.0,147.0,2020/21,Chennai Super Kings,Chennai Super Kings,bat,Dubai International Cricket Stadium,Unknown,314.0,20.0,False,2020
1216529,Delhi Capitals,Mumbai Indians,162.0,166.0,2020/21,Mumbai Indians,Delhi Capitals,bat,Sheikh Zayed Stadium,Abu Dhabi,328.0,4.0,True,2020
1216530,Kolkata Knight Riders,Rajasthan Royals,191.0,131.0,2020/21,Kolkata Knight Riders,Rajasthan Royals,field,Dubai International Cricket Stadium,Unknown,322.0,60.0,False,2020
1216531,Royal Challengers Bangalore,Kings XI Punjab,171.0,177.0,2020/21,Kings XI Punjab,Royal Challengers Bangalore,bat,Sharjah Cricket Stadium,Unknown,348.0,6.0,True,2020
1216532,Sunrisers Hyderabad,Delhi Capitals,162.0,147.0,2020/21,Sunrisers Hyderabad,Delhi Capitals,field,Sheikh Zayed Stadium,Abu Dhabi,309.0,15.0,False,2020
1216533,Chennai Super Kings,Rajasthan Royals,125.0,126.0,2020/21,Rajasthan Royals,Chennai Super Kings,bat,Sheikh Zayed Stadium,Abu Dhabi,251.0,1.0,True,2020
1216534,Royal Challengers Bangalore,Sunrisers Hyderabad,163.0,153.0,2020/21,Royal Challengers Bangalore,Sunrisers Hyderabad,field,Dubai International Cricket Stadium,Unknown,316.0,10.0,False,2020
1216535,Delhi Capitals,Mumbai Indians,110.0,111.0,2020/21,Mumbai Indians,Mumbai Indians,field,Dubai International Cricket Stadium,Unknown,221.0,1.0,True,2020
1216536,Kolkata Knight Riders,Chennai Super Kings,172.0,178.0,2020/21,Chennai Super Kings,Chennai Super Kings,field,Dubai International Cricket Stadium,Unknown,350.0,6.0,True,2020
1216537,Kings XI Punjab,Rajasthan Royals,185.0,186.0,2020/21,Rajasthan Royals,Rajasthan Royals,field,Sheikh Zayed Stadium,Abu Dhabi,371.0,1.0,True,2020
1216538,Mumbai Indians,Sunrisers Hyderabad,208.0,174.0,2020/21,Mumbai Indians,Mumbai Indians,bat,Sharjah Cricket Stadium,Unknown,382.0,34.0,False,2020
1216539,Delhi Capitals,Chennai Super Kings,175.0,131.0,2020/21,Delhi Capitals,Chennai Super Kings,field,Dubai International Cricket Stadium,Unknown,306.0,44.0,False,2020
1216540,Royal Challengers Bangalore,Kolkata Knight Riders,194.0,112.0,2020/21,Royal Challengers Bangalore,Royal Challengers Bangalore,bat,Sharjah Cricket Stadium,Unknown,306.0,82.0,False,2020
1216541,Mumbai Indians,Rajasthan Royals,195.0,196.0,2020/21,Rajasthan Royals,Mumbai Indians,bat,Sheikh Zayed Stadium,Abu Dhabi,391.0,1.0,True,2020
1216542,Sunrisers Hyderabad,Kings XI Punjab,201.0,132.0,2020/21,Sunrisers Hyderabad,Sunrisers Hyderabad,bat,Dubai International Cricket Stadium,Unknown,333.0,69.0,False,2020
1216543,Delhi Capitals,Rajasthan Royals,161.0,148.0,2020/21,Delhi Capitals,Delhi Capitals,bat,Dubai International Cricket Stadium,Unknown,309.0,13.0,False,2020
1216544,Royal Challengers Bangalore,Chennai Super Kings,145.0,150.0,2020/21,Chennai Super Kings,Royal Challengers Bangalore,bat,Dubai International Cricket Stadium,Unknown,295.0,5.0,True,2020
1216545,Sunrisers Hyderabad,Kolkata Knight Riders,142.0,145.0,2020/21,Kolkata Knight Riders,Sunrisers Hyderabad,bat,Sheikh Zayed Stadium,Abu Dhabi,287.0,3.0,True,2020
1216546,Delhi Capitals,Kings XI Punjab,164.0,167.0,2020/21,Kings XI Punjab,Delhi Capitals,bat,Dubai International Cricket Stadium,Unknown,331.0,3.0,True,2020
1216547,Royal Challengers Bangalore,Mumbai Indians,201.0,201.0,2020/21,Unknown,Mumbai Indians,field,Dubai International Cricket Stadium,Unknown,402.0,0.0,False,2020
1237177,Mumbai Indians,Delhi Capitals,200.0,143.0,2020/21,Mumbai Indians,Delhi Capitals,field,Dubai International Cricket Stadium,Unknown,343.0,57.0,False,2020
1237178,Royal Challengers Bangalore,Sunrisers Hyderabad,131.0,132.0,2020/21,Sunrisers Hyderabad,Sunrisers Hyderabad,field,Sheikh Zayed Stadium,Abu Dhabi,263.0,1.0,True,2020
1237180,Delhi Capitals,Sunrisers Hyderabad,189.0,172.0,2020/21,Delhi Capitals,Delhi Capitals,bat,Sheikh Zayed Stadium,Abu Dhabi,361.0,17.0,False,2020
1237181,Delhi Capitals,Mumbai Indians,156.0,157.0,2020/21,Mumbai Indians,Delhi Capitals,bat,Dubai International Cricket Stadium,Unknown,313.0,1.0,True,2020
1254058,Mumbai Indians,Royal Challengers Bangalore,159.0,160.0,2021,Royal Challengers Bangalore,Royal Challengers Bangalore,field,"MA Chidambaram Stadium, Chepauk, Chennai",Chennai,319.0,1.0,True,2021
1254059,Chennai Super Kings,Delhi Capitals,188.0,190.0,2021,Delhi Capitals,Delhi Capitals,field,"Wankhede Stadium, Mumbai",Mumbai,378.0,2.0,True,2021
1254060,Kolkata Knight Riders,Sunrisers Hyderabad,187.0,177.0,2021,Kolkata Knight Riders,Sunrisers Hyderabad,field,"MA Chidambaram Stadium, Chepauk, Chennai",Chennai,364.0,10.0,False,2021
1254061,Punjab Kings,Rajasthan Royals,221.0,217.0,2021,Punjab Kings,Rajasthan Royals,field,"Wankhede Stadium, Mumbai",Mumbai,438.0,4.0,False,2021
1254062,Mumbai Indians,Kolkata Knight Riders,152.0,142.0,2021,Mumbai Indians,Kolkata Knight Riders,field,"MA Chidambaram Stadium, Chepauk, Chennai",Chennai,294.0,10.0,False,2021
1254063,Royal Challengers Bangalore,Sunrisers Hyderabad,149.0,143.0,2021,Royal Challengers Bangalore,Sunrisers Hyderabad,field,"MA Chidambaram Stadium, Chepauk, Chennai",Chennai,292.0,6.0,False,2021
1254064,Delhi Capitals,Rajasthan Royals,147.0,150.0,2021,Rajasthan Royals,Rajasthan Royals,field,"Wankhede Stadium, Mumbai",Mumbai,297.0,3.0,True,2021
1254065,Punjab Kings,Chennai Super Kings,106.0,107.0,2021,Chennai Super Kings,Chennai Super Kings,field,"Wankhede Stadium, Mumbai",Mumbai,213.0,1.0,True,2021
1254066,Mumbai Indians,Sunrisers Hyderabad,150.0,137.0,2021,Mumbai Indians,Mumbai Indians,bat,"MA Chidambaram Stadium, Chepauk, Chennai",Chennai,287.0,13.0,False,2021
1254067,Royal Challengers Bangalore,Kolkata Knight Riders,204.0,166.0,2021,Royal Challengers Bangalore,Royal Challengers Bangalore,bat,"MA Chidambaram Stadium, Chepauk, Chennai",Chennai,370.0,38.0,False,2021
1254068,Punjab Kings,Delhi Capitals,195.0,198.0,2021,Delhi Capitals,Delhi Capitals,field,"Wankhede Stadium, Mumbai",Mumbai,393.0,3.0,True,2021
1254069,Chennai Super Kings,Rajasthan Royals,188.0,143.0,2021,Chennai Super Kings,Rajasthan Royals,field,"Wankhede Stadium, Mumbai",Mumbai,331.0,45.0,False,2021
1254070,Mumbai Indians,Delhi Capitals,137.0,138.0,2021,Delhi Capitals,Mumbai Indians,bat,"MA Chidambaram Stadium, Chepauk, Chennai",Chennai,275.0,1.0,True,2021
1254071,Punjab Kings,Sunrisers Hyderabad,120.0,121.0,2021,Sunrisers Hyderabad,Punjab Kings,bat,"MA Chidambaram Stadium, Chepauk, Chennai",Chennai,241.0,1.0,True,2021
1254072,Chennai Super Kings,Kolkata Knight Riders,220.0,202.0,2021,Chennai Super Kings,Kolkata Knight Riders,field,"Wankhede Stadium, Mumbai",Mumbai,422.0,18.0,False,2021
1254073,Rajasthan Royals,Royal Challengers Bangalore,177.0,181.0,2021,Royal Challengers Bangalore,Royal Challengers Bangalore,field,"Wankhede Stadium, Mumbai",Mumbai,358.0,4.0,True,2021
1254074,Mumbai Indians,Punjab Kings,131.0,132.0,2021,Punjab Kings,Punjab Kings,field,"MA Chidambaram Stadium, Chepauk, Chennai",Chennai,263.0,1.0,True,2021
1254075,Kolkata Knight Riders,Rajasthan Royals,133.0,134.0,2021,Rajasthan Royals,Rajasthan Royals,field,"Wankhede Stadium, Mumbai",Mumbai,267.0,1.0,True,2021
1254076,Chennai Super Kings,Royal Challengers Bangalore,191.0,122.0,2021,Chennai Super Kings,Chennai Super Kings,bat,"Wankhede Stadium, Mumbai",Mumbai,313.0,69.0,False,2021
1254077,Delhi Capitals,Sunrisers Hyderabad,159.0,159.0,2021,Unknown,Delhi Capitals,bat,"MA Chidambaram Stadium, Chepauk, Chennai",Chennai,318.0,0.0,False,2021
1254078,Punjab Kings,Kolkata Knight Riders,123.0,126.0,2021,Kolkata Knight Riders,Kolkata Knight Riders,field,"Narendra Modi Stadium, Ahmedabad",Ahmedabad,249.0,3.0,True,2021
1254079,Royal Challengers Bangalore,Delhi Capitals,171.0,170.0,2021,Royal Challengers Bangalore,Delhi Capitals,field,"Narendra Modi Stadium, Ahmedabad",Ahmedabad,341.0,1.0,False,2021
1254080,Sunrisers Hyderabad,Chennai Super Kings,171.0,173.0,2021,Chennai Super Kings,Sunrisers Hyderabad,bat,"Arun Jaitley Stadium, Delhi",Delhi,344.0,2.0,True,2021
1254081,Rajasthan Royals,Mumbai Indians,171.0,172.0,2021,Mumbai Indians,Mumbai Indians,field,"Arun Jaitley Stadium, Delhi",Delhi,343.0,1.0,True,2021
1254082,Kolkata Knight Riders,Delhi Capitals,154.0,156.0,2021,Delhi Capitals,Delhi Capitals,field,"Narendra Modi Stadium, Ahmedabad",Ahmedabad,310.0,2.0,True,2021
1254083,Punjab Kings,Royal Challengers Bangalore,179.0,145.0,2021,Punjab Kings,Royal Challengers Bangalore,field,"Narendra Modi Stadium, Ahmedabad",Ahmedabad,324.0,34.0,False,2021
1254084,Chennai Super Kings,Mumbai Indians,218.0,219.0,2021,Mumbai Indians,Mumbai Indians,field,"Arun Jaitley Stadium, Delhi",Delhi,437.0,1.0,True,2021
1254085,Rajasthan Royals,Sunrisers Hyderabad,220.0,165.0,2021,Rajasthan Royals,Sunrisers Hyderabad,field,"Arun Jaitley Stadium, Delhi",Delhi,385.0,55.0,False,2021
1254086,Punjab Kings,Delhi Capitals,166.0,167.0,2021,Delhi Capitals,Delhi Capitals,field,"Narendra Modi Stadium, Ahmedabad",Ahmedabad,333.0,1.0,True,2021
1254087,Royal Challengers Bangalore,Kolkata Knight Riders,92.0,94.0,2021,Kolkata Knight Riders,Royal Challengers Bangalore,bat,"Zayed Cricket Stadium, Abu Dhabi",Abu Dhabi,186.0,2.0,True,2021
1254088,Mumbai Indians,Sunrisers Hyderabad,235.0,193.0,2021,Mumbai Indians,Mumbai Indians,bat,"Zayed Cricket Stadium, Abu Dhabi",Abu Dhabi,428.0,42.0,False,2021
1254089,Chennai Super Kings,Rajasthan Royals,189.0,190.0,2021,Rajasthan Royals,Rajasthan Royals,field,"Zayed Cricket Stadium, Abu Dhabi",Abu Dhabi,379.0,1.0,True,2021
1254090,Royal Challengers Bangalore,Punjab Kings,164.0,158.0,2021,Royal Challengers Bangalore,Royal Challengers Bangalore,bat,Sharjah Cricket Stadium,Sharjah,322.0,6.0,False,2021
1254091,Sunrisers Hyderabad,Chennai Super Kings,134.0,139.0,2021,Chennai Super Kings,Chennai Super Kings,field,Sharjah Cricket Stadium,Sharjah,273.0,5.0,True,2021
1254092,Delhi Capitals,Kolkata Knight Riders,127.0,130.0,2021,Kolkata Knight Riders,Kolkata Knight Riders,field,Sharjah Cricket Stadium,Sharjah,257.0,3.0,True,2021
1254093,Rajasthan Royals,Mumbai Indians,90.0,94.0,2021,Mumbai Indians,Mumbai Indians,field,Sharjah Cricket Stadium,Sharjah,184.0,4.0,True,2021
1254094,Chennai Super Kings,Punjab Kings,134.0,139.0,2021,Punjab Kings,Punjab Kings,field,Dubai International Cricket Stadium,Dubai,273.0,5.0,True,2021
1254095,Sunrisers Hyderabad,Royal Challengers Bangalore,141.0,137.0,2021,Sunrisers Hyderabad,Royal Challengers Bangalore,field,"Zayed Cricket Stadium, Abu Dhabi",Abu Dhabi,278.0,4.0,False,2021
1254096,Mumbai Indians,Kolkata Knight Riders,155.0,159.0,2021,Kolkata Knight Riders,Kolkata Knight Riders,field,"Zayed Cricket Stadium, Abu Dhabi",Abu Dhabi,314.0,4.0,True,2021
1254097,Delhi Capitals,Rajasthan Royals,154.0,121.0,2021,Delhi Capitals,Rajasthan Royals,field,"Zayed Cricket Stadium, Abu Dhabi",Abu Dhabi,275.0,33.0,False,2021
1254098,Kolkata Knight Riders,Chennai Super Kings,171.0,172.0,2021,Chennai Super Kings,Kolkata Knight Riders,bat,"Zayed Cricket Stadium, Abu Dhabi",Abu Dhabi,343.0,1.0,True,2021
1254099,Punjab Kings,Mumbai Indians,135.0,137.0,2021,Mumbai Indians,Mumbai Indians,field,"Zayed Cricket Stadium, Abu Dhabi",Abu Dhabi,272.0,2.0,True,2021
1254100,Rajasthan Royals,Sunrisers Hyderabad,164.0,167.0,2021,Sunrisers Hyderabad,Rajasthan Royals,bat,Dubai International Cricket Stadium,Dubai,331.0,3.0,True,2021
1254101,Delhi Capitals,Royal Challengers Bangalore,164.0,166.0,2021,Royal Challengers Bangalore,Royal Challengers Bangalore,field,Dubai International Cricket Stadium,Dubai,330.0,2.0,True,2021
1254102,Kolkata Knight Riders,Punjab Kings,165.0,168.0,2021,Punjab Kings,Punjab Kings,field,Dubai International Cricket Stadium,Dubai,333.0,3.0,True,2021
1254103,Rajasthan Royals,Royal Challengers Bangalore,149.0,153.0,2021,Royal Challengers Bangalore,Royal Challengers Bangalore,field,Dubai International Cricket Stadium,Dubai,302.0,4.0,True,2021
1254104,Chennai Super Kings,Mumbai Indians,156.0,136.0,2021,Chennai Super Kings,Chennai Super Kings,bat,Dubai International Cricket Stadium,Dubai,292.0,20.0,False,2021
1254105,Sunrisers Hyderabad,Delhi Capitals,134.0,139.0,2021,Delhi Capitals,Sunrisers Hyderabad,bat,Dubai International Cricket Stadium,Dubai,273.0,5.0,True,2021
1254106,Kolkata Knight Riders,Rajasthan Royals,171.0,85.0,2021,Kolkata Knight Riders,Rajasthan Royals,field,Sharjah Cricket Stadium,Sharjah,256.0,86.0,False,2021
1254107,Punjab Kings,Sunrisers Hyderabad,125.0,120.0,2021,Punjab Kings,Sunrisers Hyderabad,field,Sharjah Cricket Stadium,Sharjah,245.0,5.0,False,2021
1254108,Royal Challengers Bangalore,Mumbai Indians,165.0,111.0,2021,Royal Challengers Bangalore,Mumbai Indians,field,Dubai International Cricket Stadium,Dubai,276.0,54.0,False,2021
1254109,Sunrisers Hyderabad,Kolkata Knight Riders,115.0,119.0,2021,Kolkata Knight Riders,Sunrisers Hyderabad,bat,Dubai International Cricket Stadium,Dubai,234.0,4.0,True,2021
1254110,Chennai Super Kings,Delhi Capitals,136.0,139.0,2021,Delhi Capitals,Delhi Capitals,field,Dubai International Cricket Stadium,Dubai,275.0,3.0,True,2021
1254111,Rajasthan Royals,Punjab Kings,185.0,183.0,2021,Rajasthan Royals,Punjab Kings,field,Dubai International Cricket Stadium,Dubai,368.0,2.0,False,2021
1254112,Mumbai Indians,Delhi Capitals,129.0,132.0,2021,Delhi Capitals,Delhi Capitals,field,Sharjah Cricket Stadium,Sharjah,261.0,3.0,True,2021
1254113,Royal Challengers Bangalore,Chennai Super Kings,156.0,157.0,2021,Chennai Super Kings,Chennai Super Kings,field,Sharjah Cricket Stadium,Sharjah,313.0,1.0,True,2021
1254114,Delhi Capitals,Chennai Super Kings,172.0,173.0,2021,Chennai Super Kings,Chennai Super Kings,field,Dubai International Cricket Stadium,Dubai,345.0,1.0,True,2021
1254115,Royal Challengers Bangalore,Kolkata Knight Riders,138.0,139.0,2021,Kolkata Knight Riders,Royal Challengers Bangalore,bat,Sharjah Cricket Stadium,Sharjah,277.0,1.0,True,2021
1254116,Delhi Capitals,Kolkata Knight Riders,135.0,136.0,2021,Kolkata Knight Riders,Kolkata Knight Riders,field,Sharjah Cricket Stadium,Sharjah,271.0,1.0,True,2021
1254117,Chennai Super Kings,Kolkata Knight Riders,192.0,165.0,2021,Chennai Super Kings,Kolkata Knight Riders,field,Dubai International Cricket Stadium,Dubai,357.0,27.0,False,2021
1304047,Chennai Super Kings,Kolkata Knight Riders,131.0,133.0,2022,Kolkata Knight Riders,Kolkata Knight Riders,field,"Wankhede Stadium, Mumbai",Mumbai,264.0,2.0,True,2022
1304048,Mumbai Indians,Delhi Capitals,177.0,179.0,2022,Delhi Capitals,Delhi Capitals,field,"Brabourne Stadium, Mumbai",Mumbai,356.0,2.0,True,2022
1304049,Royal Challengers Bangalore,Punjab Kings,205.0,208.0,2022,Punjab Kings,Punjab Kings,field,"Dr DY Patil Sports Academy, Mumbai",Mumbai,413.0,3.0,True,2022
1304050,Lucknow Super Giants,Gujarat Titans,158.0,161.0,2022,Gujarat Titans,Gujarat Titans,field,"Wankhede Stadium, Mumbai",Mumbai,319.0,3.0,True,2022
1304051,Rajasthan Royals,Sunrisers Hyderabad,210.0,149.0,2022,Rajasthan Royals,Sunrisers Hyderabad,field,"Maharashtra Cricket Association Stadium, Pune",Pune,359.0,61.0,False,2022
1304052,Kolkata Knight Riders,Royal Challengers Bangalore,128.0,132.0,2022,Royal Challengers Bangalore,Royal Challengers Bangalore,field,"Dr DY Patil Sports Academy, Mumbai",Mumbai,260.0,4.0,True,2022
1304053,Chennai Super Kings,Lucknow Super Giants,210.0,211.0,2022,Lucknow Super Giants,Lucknow Super Giants,field,"Brabourne Stadium, Mumbai",Mumbai,421.0,1.0,True,2022
1304054,Punjab Kings,Kolkata Knight Riders,137.0,141.0,2022,Kolkata Knight Riders,Kolkata Knight Riders,field,"Wankhede Stadium, Mumbai",Mumbai,278.0,4.0,True,2022
1304055,Rajasthan Royals,Mumbai Indians,193.0,170.0,2022,Rajasthan Royals,Mumbai Indians,field,"Dr DY Patil Sports Academy, Mumbai",Mumbai,363.0,23.0,False,2022
1304056,Gujarat Titans,Delhi Capitals,171.0,157.0,2022,Gujarat Titans,Delhi Capitals,field,"Maharashtra Cricket Association Stadium, Pune",Pune,328.0,14.0,False,2022
1304057,Punjab Kings,Chennai Super Kings,180.0,126.0,2022,Punjab Kings,Chennai Super Kings,field,"Brabourne Stadium, Mumbai",Mumbai,306.0,54.0,False,2022
1304058,Lucknow Super Giants,Sunrisers Hyderabad,169.0,157.0,2022,Lucknow Super Giants,Sunrisers Hyderabad,field,"Dr DY Patil Sports Academy, Mumbai",Mumbai,326.0,12.0,False,2022
1304059,Rajasthan Royals,Royal Challengers Bangalore,169.0,173.0,2022,Royal Challengers Bangalore,Royal Challengers Bangalore,field,"Wankhede Stadium, Mumbai",Mumbai,342.0,4.0,True,2022
1304060,Mumbai Indians,Kolkata Knight Riders,161.0,162.0,2022,Kolkata Knight Riders,Kolkata Knight Riders,field,"Maharashtra Cricket Association Stadium, Pune",Pune,323.0,1.0,True,2022
1304061,Delhi Capitals,Lucknow Super Giants,149.0,155.0,2022,Lucknow Super Giants,Lucknow Super Giants,field,"Dr DY Patil Sports Academy, Mumbai",Mumbai,304.0,6.0,True,2022
1304062,Punjab Kings,Gujarat Titans,189.0,190.0,2022,Gujarat Titans,Gujarat Titans,field,"Brabourne Stadium, Mumbai",Mumbai,379.0,1.0,True,2022
1304063,Chennai Super Kings,Sunrisers Hyderabad,154.0,155.0,2022,Sunrisers Hyderabad,Sunrisers Hyderabad,field,"Dr DY Patil Sports Academy, Mumbai",Mumbai,309.0,1.0,True,2022
1304064,Mumbai Indians,Royal Challengers Bangalore,151.0,152.0,2022,Royal Challengers Bangalore,Royal Challengers Bangalore,field,"Maharashtra Cricket Association Stadium, Pune",Pune,303.0,1.0,True,2022
1304065,Delhi Capitals,Kolkata Knight Riders,215.0,171.0,2022,Delhi Capitals,Kolkata Knight Riders,field,"Brabourne Stadium, Mumbai",Mumbai,386.0,44.0,False,2022
1304066,Rajasthan Royals,Lucknow Super Giants,165.0,162.0,2022,Rajasthan Royals,Lucknow Super Giants,field,"Wankhede Stadium, Mumbai",Mumbai,327.0,3.0,False,2022
1304067,Gujarat Titans,Sunrisers Hyderabad,162.0,168.0,2022,Sunrisers Hyderabad,Sunrisers Hyderabad,field,"Dr DY Patil Sports Academy, Mumbai",Mumbai,330.0,6.0,True,2022
1304068,Chennai Super Kings,Royal Challengers Bangalore,216.0,193.0,2022,Chennai Super Kings,Royal Challengers Bangalore,field,"Dr DY Patil Sports Academy, Mumbai",Mumbai,409.0,23.0,False,2022
1304069,Punjab Kings,Mumbai Indians,198.0,186.0,2022,Punjab Kings,Mumbai Indians,field,"Maharashtra Cricket Association Stadium, Pune",Pune,384.0,12.0,False,2022
1304070,Gujarat Titans,Rajasthan Royals,192.0,155.0,2022,Gujarat Titans,Rajasthan Royals,field,"Dr DY Patil Sports Academy, Mumbai",Mumbai,347.0,37.0,False,2022
1304071,Kolkata Knight Riders,Sunrisers Hyderabad,175.0,176.0,2022,Sunrisers Hyderabad,Sunrisers Hyderabad,field,"Brabourne Stadium, Mumbai",Mumbai,351.0,1.0,True,2022
1304072,Lucknow Super Giants,Mumbai Indians,199.0,181.0,2022,Lucknow Super Giants,Mumbai Indians,field,"Brabourne Stadium, Mumbai",Mumbai,380.0,18.0,False,2022
1304073,Royal Challengers Bangalore,Delhi Capitals,189.0,173.0,2022,Royal Challengers Bangalore,Delhi Capitals,field,"Wankhede Stadium, Mumbai",Mumbai,362.0,16.0,False,2022
1304074,Punjab Kings,Sunrisers Hyderabad,151.0,152.0,2022,Sunrisers Hyderabad,Sunrisers Hyderabad,field,"Dr DY Patil Sports Academy, Mumbai",Mumbai,303.0,1.0,True,2022
1304075,Chennai Super Kings,Gujarat Titans,169.0,170.0,2022,Gujarat Titans,Gujarat Titans,field,"Maharashtra Cricket Association Stadium, Pune",Pune,339.0,1.0,True,2022
1304076,Rajasthan Royals,Kolkata Knight Riders,217.0,210.0,2022,Rajasthan Royals,Kolkata Knight Riders,field,"Brabourne Stadium, Mumbai",Mumbai,427.0,7.0,False,2022
1304077,Royal Challengers Bangalore,Lucknow Super Giants,181.0,163.0,2022,Royal Challengers Bangalore,Lucknow Super Giants,field,"Dr DY Patil Sports Academy, Mumbai",Mumbai,344.0,18.0,False,2022
1304078,Punjab Kings,Delhi Capitals,115.0,119.0,2022,Delhi Capitals,Delhi Capitals,field,"Brabourne Stadium, Mumbai",Mumbai,234.0,4.0,True,2022
1304079,Mumbai Indians,Chennai Super Kings,155.0,156.0,2022,Chennai Super Kings,Chennai Super Kings,field,"Dr DY Patil Sports Academy, Mumbai",Navi Mumbai,311.0,1.0,True,2022
1304080,Rajasthan Royals,Delhi Capitals,222.0,207.0,2022,Rajasthan Royals,Delhi Capitals,field,"Wankhede Stadium, Mumbai",Mumbai,429.0,15.0,False,2022
1304081,Gujarat Titans,Kolkata Knight Riders,156.0,148.0,2022,Gujarat Titans,Gujarat Titans,bat,"Dr DY Patil Sports Academy, Mumbai",Navi Mumbai,304.0,8.0,False,2022
1304082,Royal Challengers Bangalore,Sunrisers Hyderabad,68.0,72.0,2022,Sunrisers Hyderabad,Sunrisers Hyderabad,field,"Brabourne Stadium, Mumbai",Mumbai,140.0,4.0,True,2022
1304083,Lucknow Super Giants,Mumbai Indians,168.0,132.0,2022,Lucknow Super Giants,Mumbai Indians,field,"Wankhede Stadium, Mumbai",Mumbai,300.0,36.0,False,2022
1304084,Punjab Kings,Chennai Super Kings,187.0,176.0,2022,Punjab Kings,Chennai Super Kings,field,"Wankhede Stadium, Mumbai",Mumbai,363.0,11.0,False,2022
1304085,Rajasthan Royals,Royal Challengers Bangalore,144.0,115.0,2022,Rajasthan Royals,Royal Challengers Bangalore,field,"Maharashtra Cricket Association Stadium, Pune",Pune,259.0,29.0,False,2022
1304086,Sunrisers Hyderabad,Gujarat Titans,195.0,199.0,2022,Gujarat Titans,Gujarat Titans,field,"Wankhede Stadium, Mumbai",Mumbai,394.0,4.0,True,2022
1304087,Kolkata Knight Riders,Delhi Capitals,146.0,150.0,2022,Delhi Capitals,Delhi Capitals,field,"Wankhede Stadium, Mumbai",Mumbai,296.0,4.0,True,2022
1304088,Lucknow Super Giants,Punjab Kings,153.0,133.0,2022,Lucknow Super Giants,Punjab Kings,field,"Maharashtra Cricket Association Stadium, Pune",Pune,286.0,20.0,False,2022
1304089,Royal Challengers Bangalore,Gujarat Titans,170.0,174.0,2022,Gujarat Titans,Royal Challengers Bangalore,bat,"Brabourne Stadium, Mumbai",Mumbai,344.0,4.0,True,2022
1304090,Rajasthan Royals,Mumbai Indians,158.0,161.0,2022,Mumbai Indians,Mumbai Indians,field,"Dr DY Patil Sports Academy, Mumbai",Navi Mumbai,319.0,3.0,True,2022
1304091,Lucknow Super Giants,Delhi Capitals,195.0,189.0,2022,Lucknow Super Giants,Lucknow Super Giants,bat,"Wankhede Stadium, Mumbai",Mumbai,384.0,6.0,False,2022
1304092,Chennai Super Kings,Sunrisers Hyderabad,202.0,189.0,2022,Chennai Super Kings,Sunrisers Hyderabad,field,"Maharashtra Cricket Association Stadium, Pune",Pune,391.0,13.0,False,2022
1304093,Rajasthan Royals,Kolkata Knight Riders,152.0,158.0,2022,Kolkata Knight Riders,Kolkata Knight Riders,field,"Wankhede Stadium, Mumbai",Mumbai,310.0,6.0,True,2022
1304094,Gujarat Titans,Punjab Kings,143.0,145.0,2022,Punjab Kings,Gujarat Titans,bat,"Dr DY Patil Sports Academy, Mumbai",Navi Mumbai,288.0,2.0,True,2022
1304095,Royal Challengers Bangalore,Chennai Super Kings,173.0,160.0,2022,Royal Challengers Bangalore,Chennai Super Kings,field,"Maharashtra Cricket Association Stadium, Pune",Pune,333.0,13.0,False,2022
1304096,Delhi Capitals,Sunrisers Hyderabad,207.0,186.0,2022,Delhi Capitals,Sunrisers Hyderabad,field,"Brabourne Stadium, Mumbai",Mumbai,393.0,21.0,False,2022
1304097,Mumbai Indians,Gujarat Titans,177.0,172.0,2022,Mumbai Indians,Gujarat Titans,field,"Brabourne Stadium, Mumbai",Mumbai,349.0,5.0,False,2022
1304098,Punjab Kings,Rajasthan Royals,189.0,190.0,2022,Rajasthan Royals,Punjab Kings,bat,"Wankhede Stadium, Mumbai",Mumbai,379.0,1.0,True,2022
1304099,Lucknow Super Giants,Kolkata Knight Riders,176.0,101.0,2022,Lucknow Super Giants,Kolkata Knight Riders,field,"Maharashtra Cricket Association Stadium, Pune",Pune,277.0,75.0,False,2022
1304100,Royal Challengers Bangalore,Sunrisers Hyderabad,192.0,125.0,2022,Royal Challengers Bangalore,Royal Challengers Bangalore,bat,"Wankhede Stadium, Mumbai",Mumbai,317.0,67.0,False,2022
1304101,Chennai Super Kings,Delhi Capitals,208.0,117.0,2022,Chennai Super Kings,Delhi Capitals,field,"Dr DY Patil Sports Academy, Mumbai",Navi Mumbai,325.0,91.0,False,2022
1304102,Kolkata Knight Riders,Mumbai Indians,165.0,113.0,2022,Kolkata Knight Riders,Mumbai Indians,field,"Dr DY Patil Sports Academy, Mumbai",Navi Mumbai,278.0,52.0,False,2022
1304103,Gujarat Titans,Lucknow Super Giants,144.0,82.0,2022,Gujarat Titans,Gujarat Titans,bat,"Maharashtra Cricket Association Stadium, Pune",Pune,226.0,62.0,False,2022
1304104,Rajasthan Royals,Delhi Capitals,160.0,161.0,2022,Delhi Capitals,Delhi Capitals,field,"Dr DY Patil Sports Academy, Mumbai",Navi Mumbai,321.0,1.0,True,2022
1304105,Chennai Super Kings,Mumbai Indians,97.0,103.0,2022,Mumbai Indians,Mumbai Indians,field,"Wankhede Stadium, Mumbai",Mumbai,200.0,6.0,True,2022
1304106,Punjab Kings,Royal Challengers Bangalore,209.0,155.0,2022,Punjab Kings,Royal Challengers Bangalore,field,"Brabourne Stadium, Mumbai",Mumbai,364.0,54.0,False,2022
1304107,Kolkata Knight Riders,Sunrisers Hyderabad,177.0,123.0,2022,Kolkata Knight Riders,Kolkata Knight Riders,bat,"Maharashtra Cricket Association Stadium, Pune",Pune,300.0,54.0,False,2022
1304108,Chennai Super Kings,Gujarat Titans,133.0,137.0,2022,Gujarat Titans,Chennai Super Kings,bat,"Wankhede Stadium, Mumbai",Mumbai,270.0,4.0,True,2022
1304109,Rajasthan Royals,Lucknow Super Giants,178.0,154.0,2022,Rajasthan Royals,Rajasthan Royals,bat,"Brabourne Stadium, Mumbai",Mumbai,332.0,24.0,False,2022
1304110,Delhi Capitals,Punjab Kings,159.0,142.0,2022,Delhi Capitals,Punjab Kings,field,"Dr DY Patil Sports Academy, Mumbai",Navi Mumbai,301.0,17.0,False,2022
1304111,Sunrisers Hyderabad,Mumbai Indians,193.0,190.0,2022,Sunrisers Hyderabad,Mumbai Indians,field,"Wankhede Stadium, Mumbai",Mumbai,383.0,3.0,False,2022
1304112,Lucknow Super Giants,Kolkata Knight Riders,210.0,208.0,2022,Lucknow Super Giants,Lucknow Super Giants,bat,"Dr DY Patil Sports Academy, Mumbai",Navi Mumbai,418.0,2.0,False,2022
1304113,Gujarat Titans,Royal Challengers Bangalore,168.0,170.0,2022,Royal Challengers Bangalore,Gujarat Titans,bat,"Wankhede Stadium, Mumbai",Mumbai,338.0,2.0,True,2022
1304114,Chennai Super Kings,Rajasthan Royals,150.0,151.0,2022,Rajasthan Royals,Chennai Super Kings,bat,"Brabourne Stadium, Mumbai",Mumbai,301.0,1.0,True,2022
1304115,Delhi Capitals,Mumbai Indians,159.0,160.0,2022,Mumbai Indians,Mumbai Indians,field,"Wankhede Stadium, Mumbai",Mumbai,319.0,1.0,True,2022
1304116,Sunrisers Hyderabad,Punjab Kings,157.0,160.0,2022,Punjab Kings,Sunrisers Hyderabad,bat,"Wankhede Stadium, Mumbai",Mumbai,317.0,3.0,True,2022
1312197,Rajasthan Royals,Gujarat Titans,188.0,191.0,2022,Gujarat Titans,Gujarat Titans,field,"Eden Gardens, Kolkata",Kolkata,379.0,3.0,True,2022
1312198,Royal Challengers Bangalore,Lucknow Super Giants,207.0,193.0,2022,Royal Challengers Bangalore,Lucknow Super Giants,field,"Eden Gardens, Kolkata",Kolkata,400.0,14.0,False,2022
1312199,Royal Challengers Bangalore,Rajasthan Royals,157.0,161.0,2022,Rajasthan Royals,Rajasthan Royals,field,"Narendra Modi Stadium, Ahmedabad",Ahmedabad,318.0,4.0,True,2022
1312200,Rajasthan Royals,Gujarat Titans,130.0,133.0,2022,Gujarat Titans,Rajasthan Royals,bat,"Narendra Modi Stadium, Ahmedabad",Ahmedabad,263.0,3.0,True,2022
1359475,Chennai Super Kings,Gujarat Titans,178.0,182.0,2023,Gujarat Titans,Gujarat Titans,field,"Narendra Modi Stadium, Ahmedabad",Ahmedabad,360.0,4.0,True,2023
1359476,Punjab Kings,Kolkata Knight Riders,191.0,146.0,2023,Punjab Kings,Kolkata Knight Riders,field,"Punjab Cricket Association IS Bindra Stadium, Mohali, Chandigarh",Chandigarh,337.0,45.0,False,2023
1359477,Lucknow Super Giants,Delhi Capitals,193.0,143.0,2023,Lucknow Super Giants,Delhi Capitals,field,"Bharat Ratna Shri Atal Bihari Vajpayee Ekana Cricket Stadium, Lucknow",Lucknow,336.0,50.0,False,2023
1359478,Rajasthan Royals,Sunrisers Hyderabad,203.0,131.0,2023,Rajasthan Royals,Sunrisers Hyderabad,field,"Rajiv Gandhi International Stadium, Uppal, Hyderabad",Hyderabad,334.0,72.0,False,2023
1359479,Mumbai Indians,Royal Challengers Bangalore,171.0,172.0,2023,Royal Challengers Bangalore,Royal Challengers Bangalore,field,"M Chinnaswamy Stadium, Bengaluru",Bengaluru,343.0,1.0,True,2023
1359480,Chennai Super Kings,Lucknow Super Giants,217.0,205.0,2023,Chennai Super Kings,Lucknow Super Giants,field,"MA Chidambaram Stadium, Chepauk, Chennai",Chennai,422.0,12.0,False,2023
1359481,Delhi Capitals,Gujarat Titans,162.0,163.0,2023,Gujarat Titans,Gujarat Titans,field,"Arun Jaitley Stadium, Delhi",Delhi,325.0,1.0,True,2023
1359482,Punjab Kings,Rajasthan Royals,197.0,192.0,2023,Punjab Kings,Rajasthan Royals,field,"Barsapara Cricket Stadium, Guwahati",Guwahati,389.0,5.0,False,2023
1359483,Kolkata Knight Riders,Royal Challengers Bangalore,204.0,123.0,2023,Kolkata Knight Riders,Royal Challengers Bangalore,field,"Eden Gardens, Kolkata",Kolkata,327.0,81.0,False,2023
1359484,Sunrisers Hyderabad,Lucknow Super Giants,121.0,127.0,2023,Lucknow Super Giants,Sunrisers Hyderabad,bat,"Bharat Ratna Shri Atal Bihari Vajpayee Ekana Cricket Stadium, Lucknow",Lucknow,248.0,6.0,True,2023
1359485,Rajasthan Royals,Delhi Capitals,199.0,142.0,2023,Rajasthan Royals,Delhi Capitals,field,"Barsapara Cricket Stadium, Guwahati",Guwahati,341.0,57.0,False,2023
1359486,Mumbai Indians,Chennai Super Kings,157.0,159.0,2023,Chennai Super Kings,Chennai Super Kings,field,"Wankhede Stadium, Mumbai",Mumbai,316.0,2.0,True,2023
1359487,Gujarat Titans,Kolkata Knight Riders,204.0,207.0,2023,Kolkata Knight Riders,Gujarat Titans,bat,"Narendra Modi Stadium, Ahmedabad",Ahmedabad,411.0,3.0,True,2023
1359488,Punjab Kings,Sunrisers Hyderabad,143.0,145.0,2023,Sunrisers Hyderabad,Sunrisers Hyderabad,field,"Rajiv Gandhi International Stadium, Uppal, Hyderabad",Hyderabad,288.0,2.0,True,2023
1359489,Royal Challengers Bangalore,Lucknow Super Giants,212.0,213.0,2023,Lucknow Super Giants,Lucknow Super Giants,field,"M Chinnaswamy Stadium, Bengaluru",Bengaluru,425.0,1.0,True,2023
1359490,Delhi Capitals,Mumbai Indians,172.0,173.0,2023,Mumbai Indians,Mumbai Indians,field,"Arun Jaitley Stadium, Delhi",Delhi,345.0,1.0,True,2023
1359491,Rajasthan Royals,Chennai Super Kings,175.0,172.0,2023,Rajasthan Royals,Chennai Super Kings,field,"MA Chidambaram Stadium, Chepauk, Chennai",Chennai,347.0,3.0,False,2023
1359492,Punjab Kings,Gujarat Titans,153.0,154.0,2023,Gujarat Titans,Gujarat Titans,field,"Punjab Cricket Association IS Bindra Stadium, Mohali, Chandigarh",Chandigarh,307.0,1.0,True,2023
1359493,Sunrisers Hyderabad,Kolkata Knight Riders,228.0,205.0,2023,Sunrisers Hyderabad,Kolkata Knight Riders,field,"Eden Gardens, Kolkata",Kolkata,433.0,23.0,False,2023
1359494,Royal Challengers Bangalore,Delhi Capitals,174.0,151.0,2023,Royal Challengers Bangalore,Delhi Capitals,field,"M Chinnaswamy Stadium, Bengaluru",Bengaluru,325.0,23.0,False,2023
1359495,Lucknow Super Giants,Punjab Kings,159.0,161.0,2023,Punjab Kings,Punjab Kings,field,"Bharat Ratna Shri Atal Bihari Vajpayee Ekana Cricket Stadium, Lucknow",Lucknow,320.0,2.0,True,2023
1359496,Kolkata Knight Riders,Mumbai Indians,185.0,186.0,2023,Mumbai Indians,Mumbai Indians,field,"Wankhede Stadium, Mumbai",Mumbai,371.0,1.0,True,2023
1359497,Gujarat Titans,Rajasthan Royals,177.0,179.0,2023,Rajasthan Royals,Rajasthan Royals,field,"Narendra Modi Stadium, Ahmedabad",Ahmedabad,356.0,2.0,True,2023
1359498,Chennai Super Kings,Royal Challengers Bangalore,226.0,218.0,2023,Chennai Super Kings,Royal Challengers Bangalore,field,"M Chinnaswamy Stadium, Bengaluru",Bengaluru,444.0,8.0,False,2023
1359499,Mumbai Indians,Sunrisers Hyderabad,192.0,178.0,2023,Mumbai Indians,Sunrisers Hyderabad,field,"Rajiv Gandhi International Stadium, Uppal, Hyderabad",Hyderabad,370.0,14.0,False,2023
1359500,Lucknow Super Giants,Rajasthan Royals,154.0,144.0,2023,Lucknow Super Giants,Rajasthan Royals,field,"Sawai Mansingh Stadium, Jaipur",Jaipur,298.0,10.0,False,2023
1359501,Royal Challengers Bangalore,Punjab Kings,174.0,150.0,2023,Royal Challengers Bangalore,Punjab Kings,field,"Punjab Cricket Association IS Bindra Stadium, Mohali, Chandigarh",Chandigarh,324.0,24.0,False,2023
1359502,Kolkata Knight Riders,Delhi Capitals,127.0,128.0,2023,Delhi Capitals,Delhi Capitals,field,"Arun Jaitley Stadium, Delhi",Delhi,255.0,1.0,True,2023
1359503,Sunrisers Hyderabad,Chennai Super Kings,134.0,138.0,2023,Chennai Super Kings,Chennai Super Kings,field,"MA Chidambaram Stadium, Chepauk, Chennai",Chennai,272.0,4.0,True,2023
1359504,Gujarat Titans,Lucknow Super Giants,135.0,128.0,2023,Gujarat Titans,Gujarat Titans,bat,"Bharat Ratna Shri Atal Bihari Vajpayee Ekana Cricket Stadium, Lucknow",Lucknow,263.0,7.0,False,2023
1359505,Punjab Kings,Mumbai Indians,214.0,201.0,2023,Punjab Kings,Mumbai Indians,field,"Wankhede Stadium, Mumbai",Mumbai,415.0,13.0,False,2023
1359506,Royal Challengers Bangalore,Rajasthan Royals,189.0,182.0,2023,Royal Challengers Bangalore,Rajasthan Royals,field,"M Chinnaswamy Stadium, Bengaluru",Bengaluru,371.0,7.0,False,2023
1359507,Chennai Super Kings,Kolkata Knight Riders,235.0,186.0,2023,Chennai Super Kings,Kolkata Knight Riders,field,"Eden Gardens, Kolkata",Kolkata,421.0,49.0,False,2023
1359508,Delhi Capitals,Sunrisers Hyderabad,144.0,137.0,2023,Delhi Capitals,Delhi Capitals,bat,"Rajiv Gandhi International Stadium, Uppal, Hyderabad",Hyderabad,281.0,7.0,False,2023
1359509,Gujarat Titans,Mumbai Indians,207.0,152.0,2023,Gujarat Titans,Mumbai Indians,field,"Narendra Modi Stadium, Ahmedabad",Ahmedabad,359.0,55.0,False,2023
1359510,Kolkata Knight Riders,Royal Challengers Bangalore,200.0,179.0,2023,Kolkata Knight Riders,Royal Challengers Bangalore,field,"M Chinnaswamy Stadium, Bengaluru",Bengaluru,379.0,21.0,False,2023
1359511,Rajasthan Royals,Chennai Super Kings,202.0,170.0,2023,Rajasthan Royals,Rajasthan Royals,bat,"Sawai Mansingh Stadium, Jaipur",Jaipur,372.0,32.0,False,2023
1359512,Lucknow Super Giants,Punjab Kings,257.0,201.0,2023,Lucknow Super Giants,Punjab Kings,field,"Punjab Cricket Association IS Bindra Stadium, Mohali, Chandigarh",Chandigarh,458.0,56.0,False,2023
1359513,Kolkata Knight Riders,Gujarat Titans,179.0,180.0,2023,Gujarat Titans,Gujarat Titans,field,"Eden Gardens, Kolkata",Kolkata,359.0,1.0,True,2023
1359514,Sunrisers Hyderabad,Delhi Capitals,197.0,188.0,2023,Sunrisers Hyderabad,Sunrisers Hyderabad,bat,"Arun Jaitley Stadium, Delhi",Delhi,385.0,9.0,False,2023
1359515,Chennai Super Kings,Punjab Kings,200.0,201.0,2023,Punjab Kings,Chennai Super Kings,bat,"MA Chidambaram Stadium, Chepauk, Chennai",Chennai,401.0,1.0,True,2023
1359516,Rajasthan Royals,Mumbai Indians,212.0,214.0,2023,Mumbai Indians,Rajasthan Royals,bat,"Wankhede Stadium, Mumbai",Mumbai,426.0,2.0,True,2023
1359517,Royal Challengers Bangalore,Lucknow Super Giants,126.0,108.0,2023,Royal Challengers Bangalore,Royal Challengers Bangalore,bat,"Bharat Ratna Shri Atal Bihari Vajpayee Ekana Cricket Stadium, Lucknow",Lucknow,234.0,18.0,False,2023
1359518,Delhi Capitals,Gujarat Titans,130.0,125.0,2023,Delhi Capitals,Delhi Capitals,bat,"Narendra Modi Stadium, Ahmedabad",Ahmedabad,255.0,5.0,False,2023
1359519,Lucknow Super Giants,,125.0,,2023,Unknown,Chennai Super Kings,field,"Bharat Ratna Shri Atal Bihari Vajpayee Ekana Cricket Stadium, Lucknow",Lucknow,,,False,2023
1359520,Punjab Kings,Mumbai Indians,214.0,216.0,2023,Mumbai Indians,Mumbai Indians,field,"Punjab Cricket Association IS Bindra Stadium, Mohali, Chandigarh",Chandigarh,430.0,2.0,True,2023
1359521,Kolkata Knight Riders,Sunrisers Hyderabad,171.0,166.0,2023,Kolkata Knight Riders,Kolkata Knight Riders,bat,"Rajiv Gandhi International Stadium, Uppal, Hyderabad",Hyderabad,337.0,5.0,False,2023
1359522,Rajasthan Royals,Gujarat Titans,118.0,119.0,2023,Gujarat Titans,Rajasthan Royals,bat,"Sawai Mansingh Stadium, Jaipur",Jaipur,237.0,1.0,True,2023
1359523,Mumbai Indians,Chennai Super Kings,139.0,140.0,2023,Chennai Super Kings,Chennai Super Kings,field,"MA Chidambaram Stadium, Chepauk, Chennai",Chennai,279.0,1.0,True,2023
1359524,Royal Challengers Bangalore,Delhi Capitals,181.0,187.0,2023,Delhi Capitals,Royal Challengers Bangalore,bat,"Arun Jaitley Stadium, Delhi",Delhi,368.0,6.0,True,2023
1359525,Gujarat Titans,Lucknow Super Giants,227.0,171.0,2023,Gujarat Titans,Lucknow Super Giants,field,"Narendra Modi Stadium, Ahmedabad",Ahmedabad,398.0,56.0,False,2023
1359526,Rajasthan Royals,Sunrisers Hyderabad,214.0,217.0,2023,Sunrisers Hyderabad,Rajasthan Royals,bat,"Sawai Mansingh Stadium, Jaipur",Jaipur,431.0,3.0,True,2023
1359527,Punjab Kings,Kolkata Knight Riders,179.0,182.0,2023,Kolkata Knight Riders,Punjab Kings,bat,"Eden Gardens, Kolkata",Kolkata,361.0,3.0,True,2023
1359528,Royal Challengers Bangalore,Mumbai Indians,199.0,200.0,2023,Mumbai Indians,Mumbai Indians,field,"Wankhede Stadium, Mumbai",Mumbai,399.0,1.0,True,2023
1359529,Chennai Super Kings,Delhi Capitals,167.0,140.0,2023,Chennai Super Kings,Chennai Super Kings,bat,"MA Chidambaram Stadium, Chepauk, Chennai",Chennai,307.0,27.0,False,2023
1359530,Kolkata Knight Riders,Rajasthan Royals,149.0,151.0,2023,Rajasthan Royals,Rajasthan Royals,field,"Eden Gardens, Kolkata",Kolkata,300.0,2.0,True,2023
1359531,Mumbai Indians,Gujarat Titans,218.0,191.0,2023,Mumbai Indians,Gujarat Titans,field,"Wankhede Stadium, Mumbai",Mumbai,409.0,27.0,False,2023
1359532,Sunrisers Hyderabad,Lucknow Super Giants,182.0,185.0,2023,Lucknow Super Giants,Sunrisers Hyderabad,bat,"Rajiv Gandhi International Stadium, Uppal, Hyderabad",Hyderabad,367.0,3.0,True,2023
1359533,Punjab Kings,Delhi Capitals,167.0,136.0,2023,Punjab Kings,Delhi Capitals,field,"Arun Jaitley Stadium, Delhi",Delhi,303.0,31.0,False,2023
1359534,Royal Challengers Bangalore,Rajasthan Royals,171.0,59.0,2023,Royal Challengers Bangalore,Royal Challengers Bangalore,bat,"Sawai Mansingh Stadium, Jaipur",Jaipur,230.0,112.0,False,2023
1359535,Chennai Super Kings,Kolkata Knight Riders,144.0,147.0,2023,Kolkata Knight Riders,Chennai Super Kings,bat,"MA Chidambaram Stadium, Chepauk, Chennai",Chennai,291.0,3.0,True,2023
1359536,Gujarat Titans,Sunrisers Hyderabad,188.0,154.0,2023,Gujarat Titans,Sunrisers Hyderabad,field,"Narendra Modi Stadium, Ahmedabad",Ahmedabad,342.0,34.0,False,2023
1359537,Lucknow Super Giants,Mumbai Indians,177.0,172.0,2023,Lucknow Super Giants,Mumbai Indians,field,"Bharat Ratna Shri Atal Bihari Vajpayee Ekana Cricket Stadium, Lucknow",Lucknow,349.0,5.0,False,2023
1359538,Delhi Capitals,Punjab Kings,213.0,198.0,2023,Delhi Capitals,Punjab Kings,field,"Himachal Pradesh Cricket Association Stadium, Dharamsala",Dharamsala,411.0,15.0,False,2023
1359539,Sunrisers Hyderabad,Royal Challengers Bangalore,186.0,187.0,2023,Royal Challengers Bangalore,Royal Challengers Bangalore,field,"Rajiv Gandhi International Stadium, Uppal, Hyderabad",Hyderabad,373.0,1.0,True,2023
1359540,Punjab Kings,Rajasthan Royals,187.0,189.0,2023,Rajasthan Royals,Rajasthan Royals,field,"Himachal Pradesh Cricket Association Stadium, Dharamsala",Dharamsala,376.0,2.0,True,2023
1359541,Chennai Super Kings,Delhi Capitals,223.0,146.0,2023,Chennai Super Kings,Chennai Super Kings,bat,"Arun Jaitley Stadium, Delhi",Delhi,369.0,77.0,False,2023
1359542,Lucknow Super Giants,Kolkata Knight Riders,176.0,175.0,2023,Lucknow Super Giants,Kolkata Knight Riders,field,"Eden Gardens, Kolkata",Kolkata,351.0,1.0,False,2023
1359543,Sunrisers Hyderabad,Mumbai Indians,200.0,201.0,2023,Mumbai Indians,Mumbai Indians,field,"Wankhede Stadium, Mumbai",Mumbai,401.0,1.0,True,2023
1359544,Royal Challengers Bangalore,Gujarat Titans,197.0,198.0,2023,Gujarat Titans,Gujarat Titans,field,"M Chinnaswamy Stadium, Bengaluru",Bengaluru,395.0,1.0,True,2023
1370350,Chennai Super Kings,Gujarat Titans,172.0,157.0,2023,Chennai Super Kings,Gujarat Titans,field,"MA Chidambaram Stadium, Chepauk, Chennai",Chennai,329.0,15.0,False,2023
1370351,Mumbai Indians,Lucknow Super Giants,182.0,101.0,2023,Mumbai Indians,Mumbai Indians,bat,"MA Chidambaram Stadium, Chepauk, Chennai",Chennai,283.0,81.0,False,2023
1370352,Gujarat Titans,Mumbai Indians,233.0,171.0,2023,Gujarat Titans,Mumbai Indians,field,"Narendra Modi Stadium, Ahmedabad",Ahmedabad,404.0,62.0,False,2023
1370353,Gujarat Titans,Chennai Super Kings,214.0,171.0,2023,Chennai Super Kings,Chennai Super Kings,field,"Narendra Modi Stadium, Ahmedabad",Ahmedabad,385.0,43.0,True,2023
1422119,Royal Challengers Bengaluru,Chennai Super Kings,173.0,176.0,2024,Chennai Super Kings,Royal Challengers Bengaluru,bat,"MA Chidambaram Stadium, Chepauk, Chennai",Chennai,349.0,3.0,True,2024
1422120,Delhi Capitals,Punjab Kings,174.0,177.0,2024,Punjab Kings,Punjab Kings,field,"Maharaja Yadavindra Singh International Cricket Stadium, Mullanpur",Mohali,351.0,3.0,True,2024
1422121,Kolkata Knight Riders,Sunrisers Hyderabad,208.0,204.0,2024,Kolkata Knight Riders,Sunrisers Hyderabad,field,"Eden Gardens, Kolkata",Kolkata,412.0,4.0,False,2024
1422122,Rajasthan Royals,Lucknow Super Giants,193.0,173.0,2024,Rajasthan Royals,Rajasthan Royals,bat,"Sawai Mansingh Stadium, Jaipur",Jaipur,366.0,20.0,False,2024
1422123,Gujarat Titans,Mumbai Indians,168.0,162.0,2024,Gujarat Titans,Mumbai Indians,field,"Narendra Modi Stadium, Ahmedabad",Ahmedabad,330.0,6.0,False,2024
1422124,Punjab Kings,Royal Challengers Bengaluru,176.0,178.0,2024,Royal Challengers Bengaluru,Royal Challengers Bengaluru,field,"M Chinnaswamy Stadium, Bengaluru",Bengaluru,354.0,2.0,True,2024
1422125,Chennai Super Kings,Gujarat Titans,206.0,143.0,2024,Chennai Super Kings,Gujarat Titans,field,"MA Chidambaram Stadium, Chepauk, Chennai",Chennai,349.0,63.0,False,2024
1422126,Sunrisers Hyderabad,Mumbai Indians,277.0,246.0,2024,Sunrisers Hyderabad,Mumbai Indians,field,"Rajiv Gandhi International Stadium, Uppal, Hyderabad",Hyderabad,523.0,31.0,False,2024
1422127,Rajasthan Royals,Delhi Capitals,185.0,173.0,2024,Rajasthan Royals,Delhi Capitals,field,"Sawai Mansingh Stadium, Jaipur",Jaipur,358.0,12.0,False,2024
1422128,Royal Challengers Bengaluru,Kolkata Knight Riders,182.0,186.0,2024,Kolkata Knight Riders,Kolkata Knight Riders,field,"M Chinnaswamy Stadium, Bengaluru",Bengaluru,368.0,4.0,True,2024
1422129,Lucknow Super Giants,Punjab Kings,199.0,178.0,2024,Lucknow Super Giants,Lucknow Super Giants,bat,"Bharat Ratna Shri Atal Bihari Vajpayee Ekana Cricket Stadium, Lucknow",Lucknow,377.0,21.0,False,2024
1422130,Sunrisers Hyderabad,Gujarat Titans,162.0,168.0,2024,Gujarat Titans,Sunrisers Hyderabad,bat,"Narendra Modi Stadium, Ahmedabad",Ahmedabad,330.0,6.0,True,2024
1422131,Delhi Capitals,Chennai Super Kings,191.0,171.0,2024,Delhi Capitals,Delhi Capitals,bat,"Dr. Y.S. Rajasekhara Reddy ACA-VDCA Cricket Stadium, Visakhapatnam",Visakhapatnam,362.0,20.0,False,2024
1422132,Mumbai Indians,Rajasthan Royals,125.0,127.0,2024,Rajasthan Royals,Rajasthan Royals,field,"Wankhede Stadium, Mumbai",Mumbai,252.0,2.0,True,2024
1422133,Lucknow Super Giants,Royal Challengers Bengaluru,181.0,153.0,2024,Lucknow Super Giants,Royal Challengers Bengaluru,field,"M Chinnaswamy Stadium, Bengaluru",Bengaluru,334.0,28.0,False,2024
1422134,Kolkata Knight Riders,Delhi Capitals,272.0,166.0,2024,Kolkata Knight Riders,Kolkata Knight Riders,bat,"Dr. Y.S. Rajasekhara Reddy ACA-VDCA Cricket Stadium, Visakhapatnam",Visakhapatnam,438.0,106.0,False,2024
1422135,Gujarat Titans,Punjab Kings,199.0,200.0,2024,Punjab Kings,Punjab Kings,field,"Narendra Modi Stadium, Ahmedabad",Ahmedabad,399.0,1.0,True,2024
1422136,Chennai Super Kings,Sunrisers Hyderabad,165.0,166.0,2024,Sunrisers Hyderabad,Sunrisers Hyderabad,field,"Rajiv Gandhi International Stadium, Uppal, Hyderabad",Hyderabad,331.0,1.0,True,2024
1422137,Royal Challengers Bengaluru,Rajasthan Royals,183.0,189.0,2024,Rajasthan Royals,Rajasthan Royals,field,"Sawai Mansingh Stadium, Jaipur",Jaipur,372.0,6.0,True,2024
1422138,Mumbai Indians,Delhi Capitals,234.0,205.0,2024,Mumbai Indians,Delhi Capitals,field,"Wankhede Stadium, Mumbai",Mumbai,439.0,29.0,False,2024
1422139,Lucknow Super Giants,Gujarat Titans,163.0,130.0,2024,Lucknow Super Giants,Lucknow Super Giants,bat,"Bharat Ratna Shri Atal Bihari Vajpayee Ekana Cricket Stadium, Lucknow",Lucknow,293.0,33.0,False,2024
1426260,Kolkata Knight Riders,Chennai Super Kings,137.0,141.0,2024,Chennai Super Kings,Chennai Super Kings,field,"MA Chidambaram Stadium, Chepauk, Chennai",Chennai,278.0,4.0,True,2024
1426261,Sunrisers Hyderabad,Punjab Kings,182.0,180.0,2024,Sunrisers Hyderabad,Punjab Kings,field,"Maharaja Yadavindra Singh International Cricket Stadium, Mullanpur",Mohali,362.0,2.0,False,2024
1426262,Rajasthan Royals,Gujarat Titans,196.0,199.0,2024,Gujarat Titans,Gujarat Titans,field,"Sawai Mansingh Stadium, Jaipur",Jaipur,395.0,3.0,True,2024
1426263,Royal Challengers Bengaluru,Mumbai Indians,196.0,199.0,2024,Mumbai Indians,Mumbai Indians,field,"Wankhede Stadium, Mumbai",Mumbai,395.0,3.0,True,2024
1426264,Lucknow Super Giants,Delhi Capitals,167.0,170.0,2024,Delhi Capitals,Lucknow Super Giants,bat,"Bharat Ratna Shri Atal Bihari Vajpayee Ekana Cricket Stadium, Lucknow",Lucknow,337.0,3.0,True,2024
1426265,Punjab Kings,Rajasthan Royals,147.0,152.0,2024,Rajasthan Royals,Rajasthan Royals,field,"Maharaja Yadavindra Singh International Cricket Stadium, Mullanpur",Mohali,299.0,5.0,True,2024
1426266,Lucknow Super Giants,Kolkata Knight Riders,161.0,162.0,2024,Kolkata Knight Riders,Kolkata Knight Riders,field,"Eden Gardens, Kolkata",Kolkata,323.0,1.0,True,2024
1426267,Chennai Super Kings,Mumbai Indians,206.0,186.0,2024,Chennai Super Kings,Mumbai Indians,field,"Wankhede Stadium, Mumbai",Mumbai,392.0,20.0,False,2024
1426268,Sunrisers Hyderabad,Royal Challengers Bengaluru,287.0,262.0,2024,Sunrisers Hyderabad,Royal Challengers Bengaluru,field,"M Chinnaswamy Stadium, Bengaluru",Bengaluru,549.0,25.0,False,2024
1426269,Kolkata Knight Riders,Rajasthan Royals,223.0,224.0,2024,Rajasthan Royals,Rajasthan Royals,field,"Eden Gardens, Kolkata",Kolkata,447.0,1.0,True,2024
1426270,Gujarat Titans,Delhi Capitals,89.0,92.0,2024,Delhi Capitals,Delhi Capitals,field,"Narendra Modi Stadium, Ahmedabad",Ahmedabad,181.0,3.0,True,2024
1426271,Mumbai Indians,Punjab Kings,192.0,183.0,2024,Mumbai Indians,Punjab Kings,field,"Maharaja Yadavindra Singh International Cricket Stadium, Mullanpur",Mohali,375.0,9.0,False,2024
1426272,Chennai Super Kings,Lucknow Super Giants,176.0,180.0,2024,Lucknow Super Giants,Lucknow Super Giants,field,"Bharat Ratna Shri Atal Bihari Vajpayee Ekana Cricket Stadium, Lucknow",Lucknow,356.0,4.0,True,2024
1426273,Sunrisers Hyderabad,Delhi Capitals,266.0,199.0,2024,Sunrisers Hyderabad,Delhi Capitals,field,"Arun Jaitley Stadium, Delhi",Delhi,465.0,67.0,False,2024
1426274,Kolkata Knight Riders,Royal Challengers Bengaluru,222.0,221.0,2024,Kolkata Knight Riders,Royal Challengers Bengaluru,field,"Eden Gardens, Kolkata",Kolkata,443.0,1.0,False,2024
1426275,Punjab Kings,Gujarat Titans,142.0,146.0,2024,Gujarat Titans,Punjab Kings,bat,"Maharaja Yadavindra Singh International Cricket Stadium, Mullanpur",Mohali,288.0,4.0,True,2024
1426276,Mumbai Indians,Rajasthan Royals,179.0,183.0,2024,Rajasthan Royals,Mumbai Indians,bat,"Sawai Mansingh Stadium, Jaipur",Jaipur,362.0,4.0,True,2024
1426277,Chennai Super Kings,Lucknow Super Giants,210.0,213.0,2024,Lucknow Super Giants,Lucknow Super Giants,field,"MA Chidambaram Stadium, Chepauk, Chennai",Chennai,423.0,3.0,True,2024
1426278,Delhi Capitals,Gujarat Titans,224.0,220.0,2024,Delhi Capitals,Gujarat Titans,field,"Arun Jaitley Stadium, Delhi",Delhi,444.0,4.0,False,2024
1426279,Royal Challengers Bengaluru,Sunrisers Hyderabad,206.0,171.0,2024,Royal Challengers Bengaluru,Royal Challengers Bengaluru,bat,"Rajiv Gandhi International Stadium, Uppal, Hyderabad",Hyderabad,377.0,35.0,False,2024
1426280,Kolkata Knight Riders,Punjab Kings,261.0,262.0,2024,Punjab Kings,Punjab Kings,field,"Eden Gardens, Kolkata",Kolkata,523.0,1.0,True,2024
1426281,Delhi Capitals,Mumbai Indians,257.0,247.0,2024,Delhi Capitals,Mumbai Indians,field,"Arun Jaitley Stadium, Delhi",Delhi,504.0,10.0,False,2024
1426282,Lucknow Super Giants,Rajasthan Royals,196.0,199.0,2024,Rajasthan Royals,Rajasthan Royals,field,"Bharat Ratna Shri Atal Bihari Vajpayee Ekana Cricket Stadium, Lucknow",Lucknow,395.0,3.0,True,2024
1426283,Gujarat Titans,Royal Challengers Bengaluru,200.0,206.0,2024,Royal Challengers Bengaluru,Royal Challengers Bengaluru,field,"Narendra Modi Stadium, Ahmedabad",Ahmedabad,406.0,6.0,True,2024
1426284,Chennai Super Kings,Sunrisers Hyderabad,212.0,134.0,2024,Chennai Super Kings,Sunrisers Hyderabad,field,"MA Chidambaram Stadium, Chepauk, Chennai",Chennai,346.0,78.0,False,2024
1426285,Delhi Capitals,Kolkata Knight Riders,153.0,157.0,2024,Kolkata Knight Riders,Delhi Capitals,bat,"Eden Gardens, Kolkata",Kolkata,310.0,4.0,True,2024
1426286,Mumbai Indians,Lucknow Super Giants,144.0,145.0,2024,Lucknow Super Giants,Lucknow Super Giants,field,"Bharat Ratna Shri Atal Bihari Vajpayee Ekana Cricket Stadium, Lucknow",Lucknow,289.0,1.0,True,2024
1426287,Chennai Super Kings,Punjab Kings,162.0,163.0,2024,Punjab Kings,Punjab Kings,field,"MA Chidambaram Stadium, Chepauk, Chennai",Chennai,325.0,1.0,True,2024
1426288,Sunrisers Hyderabad,Rajasthan Royals,201.0,200.0,2024,Sunrisers Hyderabad,Sunrisers Hyderabad,bat,"Rajiv Gandhi International Stadium, Uppal, Hyderabad",Hyderabad,401.0,1.0,False,2024
1426289,Kolkata Knight Riders,Mumbai Indians,169.0,145.0,2024,Kolkata Knight Riders,Mumbai Indians,field,"Wankhede Stadium, Mumbai",Mumbai,314.0,24.0,False,2024
1426290,Gujarat Titans,Royal Challengers Bengaluru,147.0,152.0,2024,Royal Challengers Bengaluru,Royal Challengers Bengaluru,field,"M Chinnaswamy Stadium, Bengaluru",Bengaluru,299.0,5.0,True,2024
1426291,Chennai Super Kings,Punjab Kings,167.0,139.0,2024,Chennai Super Kings,Punjab Kings,field,"Himachal Pradesh Cricket Association Stadium, Dharamsala",Dharamsala,306.0,28.0,False,2024
1426292,Kolkata Knight Riders,Lucknow Super Giants,235.0,137.0,2024,Kolkata Knight Riders,Lucknow Super Giants,field,"Bharat Ratna Shri Atal Bihari Vajpayee Ekana Cricket Stadium, Lucknow",Lucknow,372.0,98.0,False,2024
1426293,Sunrisers Hyderabad,Mumbai Indians,173.0,174.0,2024,Mumbai Indians,Mumbai Indians,field,"Wankhede Stadium, Mumbai",Mumbai,347.0,1.0,True,2024
1426294,Delhi Capitals,Rajasthan Royals,221.0,201.0,2024,Delhi Capitals,Rajasthan Royals,field,"Arun Jaitley Stadium, Delhi",Delhi,422.0,20.0,False,2024
1426295,Lucknow Super Giants,Sunrisers Hyderabad,165.0,167.0,2024,Sunrisers Hyderabad,Lucknow Super Giants,bat,"Rajiv Gandhi International Stadium, Uppal, Hyderabad",Hyderabad,332.0,2.0,True,2024
1426296,Royal Challengers Bengaluru,Punjab Kings,241.0,181.0,2024,Royal Challengers Bengaluru,Punjab Kings,field,"Himachal Pradesh Cricket Association Stadium, Dharamsala",Dharamsala,422.0,60.0,False,2024
1426297,Gujarat Titans,Chennai Super Kings,231.0,196.0,2024,Gujarat Titans,Chennai Super Kings,field,"Narendra Modi Stadium, Ahmedabad",Ahmedabad,427.0,35.0,False,2024
1426298,Kolkata Knight Riders,Mumbai Indians,157.0,139.0,2024,Kolkata Knight Riders,Mumbai Indians,field,"Eden Gardens, Kolkata",Kolkata,296.0,18.0,False,2024
1426299,Rajasthan Royals,Chennai Super Kings,141.0,145.0,2024,Chennai Super Kings,Rajasthan Royals,bat,"MA Chidambaram Stadium, Chepauk, Chennai",Chennai,286.0,4.0,True,2024
1426300,Royal Challengers Bengaluru,Delhi Capitals,187.0,140.0,2024,Royal Challengers Bengaluru,Delhi Capitals,field,"M Chinnaswamy Stadium, Bengaluru",Bengaluru,327.0,47.0,False,2024
1426302,Delhi Capitals,Lucknow Super Giants,208.0,189.0,2024,Delhi Capitals,Lucknow Super Giants,field,"Arun Jaitley Stadium, Delhi",Delhi,397.0,19.0,False,2024
1426303,Rajasthan Royals,Punjab Kings,144.0,145.0,2024,Punjab Kings,Rajasthan Royals,bat,"Barsapara Cricket Stadium, Guwahati",Guwahati,289.0,1.0,True,2024
1426305,Lucknow Super Giants,Mumbai Indians,214.0,196.0,2024,Lucknow Super Giants,Mumbai Indians,field,"Wankhede Stadium, Mumbai",Mumbai,410.0,18.0,False,2024
1426306,Royal Challengers Bengaluru,Chennai Super Kings,218.0,191.0,2024,Royal Challengers Bengaluru,Chennai Super Kings,field,"M Chinnaswamy Stadium, Bengaluru",Bengaluru,409.0,27.0,False,2024
1426307,Punjab Kings,Sunrisers Hyderabad,214.0,215.0,2024,Sunrisers Hyderabad,Punjab Kings,bat,"Rajiv Gandhi International Stadium, Uppal, Hyderabad",Hyderabad,429.0,1.0,True,2024
1426309,Sunrisers Hyderabad,Kolkata Knight Riders,159.0,164.0,2024,Kolkata Knight Riders,Sunrisers Hyderabad,bat,"Narendra Modi Stadium, Ahmedabad",Ahmedabad,323.0,5.0,True,2024
1426310,Royal Challengers Bengaluru,Rajasthan Royals,172.0,174.0,2024,Rajasthan Royals,Rajasthan Royals,field,"Narendra Modi Stadium, Ahmedabad",Ahmedabad,346.0,2.0,True,2024
1426311,Sunrisers Hyderabad,Rajasthan Royals,175.0,139.0,2024,Sunrisers Hyderabad,Rajasthan Royals,field,"MA Chidambaram Stadium, Chepauk, Chennai",Chennai,314.0,36.0,False,2024
1426312,Sunrisers Hyderabad,Kolkata Knight Riders,113.0,114.0,2024,Kolkata Knight Riders,Sunrisers Hyderabad,bat,"MA Chidambaram Stadium, Chepauk, Chennai",Chennai,227.0,1.0,True,2024
1473438,Kolkata Knight Riders,Royal Challengers Bengaluru,174.0,177.0,2025,Royal Challengers Bengaluru,Royal Challengers Bengaluru,field,"Eden Gardens, Kolkata",Kolkata,351.0,3.0,True,2025
1473439,Sunrisers Hyderabad,Rajasthan Royals,286.0,242.0,2025,Sunrisers Hyderabad,Rajasthan Royals,field,"Rajiv Gandhi International Stadium, Uppal, Hyderabad",Hyderabad,528.0,44.0,False,2025
1473440,Mumbai Indians,Chennai Super Kings,155.0,158.0,2025,Chennai Super Kings,Chennai Super Kings,field,"MA Chidambaram Stadium, Chepauk, Chennai",Chennai,313.0,3.0,True,2025
1473441,Lucknow Super Giants,Delhi Capitals,209.0,211.0,2025,Delhi Capitals,Delhi Capitals,field,"Dr. Y.S. Rajasekhara Reddy ACA-VDCA Cricket Stadium, Visakhapatnam",Visakhapatnam,420.0,2.0,True,2025
1473442,Punjab Kings,Gujarat Titans,243.0,232.0,2025,Punjab Kings,Gujarat Titans,field,"Narendra Modi Stadium, Ahmedabad",Ahmedabad,475.0,11.0,False,2025
1473443,Rajasthan Royals,Kolkata Knight Riders,151.0,153.0,2025,Kolkata Knight Riders,Kolkata Knight Riders,field,"Barsapara Cricket Stadium, Guwahati",Guwahati,304.0,2.0,True,2025
1473444,Sunrisers Hyderabad,Lucknow Super Giants,190.0,193.0,2025,Lucknow Super Giants,Lucknow Super Giants,field,"Rajiv Gandhi International Stadium, Uppal, Hyderabad",Hyderabad,383.0,3.0,True,2025
1473445,Royal Challengers Bengaluru,Chennai Super Kings,196.0,146.0,2025,Royal Challengers Bengaluru,Chennai Super Kings,field,"MA Chidambaram Stadium, Chepauk, Chennai",Chennai,342.0,50.0,False,2025
1473446,Gujarat Titans,Mumbai Indians,196.0,160.0,2025,Gujarat Titans,Mumbai Indians,field,"Narendra Modi Stadium, Ahmedabad",Ahmedabad,356.0,36.0,False,2025
1473447,Sunrisers Hyderabad,Delhi Capitals,163.0,166.0,2025,Delhi Capitals,Sunrisers Hyderabad,bat,"Dr. Y.S. Rajasekhara Reddy ACA-VDCA Cricket Stadium, Visakhapatnam",Visakhapatnam,329.0,3.0,True,2025
1473448,Rajasthan Royals,Chennai Super Kings,182.0,176.0,2025,Rajasthan Royals,Chennai Super Kings,field,"Barsapara Cricket Stadium, Guwahati",Guwahati,358.0,6.0,False,2025
1473449,Kolkata Knight Riders,Mumbai Indians,116.0,121.0,2025,Mumbai Indians,Mumbai Indians,field,"Wankhede Stadium, Mumbai",Mumbai,237.0,5.0,True,2025
1473450,Lucknow Super Giants,Punjab Kings,171.0,177.0,2025,Punjab Kings,Punjab Kings,field,"Bharat Ratna Shri Atal Bihari Vajpayee Ekana Cricket Stadium, Lucknow",Lucknow,348.0,6.0,True,2025
1473451,Royal Challengers Bengaluru,Gujarat Titans,169.0,170.0,2025,Gujarat Titans,Gujarat Titans,field,"M Chinnaswamy Stadium, Bengaluru",Bengaluru,339.0,1.0,True,2025
1473452,Kolkata Knight Riders,Sunrisers Hyderabad,200.0,120.0,2025,Kolkata Knight Riders,Sunrisers Hyderabad,field,"Eden Gardens, Kolkata",Kolkata,320.0,80.0,False,2025
1473453,Lucknow Super Giants,Mumbai Indians,203.0,191.0,2025,Lucknow Super Giants,Mumbai Indians,field,"Bharat Ratna Shri Atal Bihari Vajpayee Ekana Cricket Stadium, Lucknow",Lucknow,394.0,12.0,False,2025
1473454,Delhi Capitals,Chennai Super Kings,183.0,158.0,2025,Delhi Capitals,Delhi Capitals,bat,"MA Chidambaram Stadium, Chepauk, Chennai",Chennai,341.0,25.0,False,2025
1473455,Rajasthan Royals,Punjab Kings,205.0,155.0,2025,Rajasthan Royals,Punjab Kings,field,"Maharaja Yadavindra Singh International Cricket Stadium, Mullanpur",Mohali,360.0,50.0,False,2025
1473456,Lucknow Super Giants,Kolkata Knight Riders,238.0,234.0,2025,Lucknow Super Giants,Kolkata Knight Riders,field,"Eden Gardens, Kolkata",Kolkata,472.0,4.0,False,2025
1473457,Sunrisers Hyderabad,Gujarat Titans,152.0,153.0,2025,Gujarat Titans,Gujarat Titans,field,"Rajiv Gandhi International Stadium, Uppal, Hyderabad",Hyderabad,305.0,1.0,True,2025
1473458,Royal Challengers Bengaluru,Mumbai Indians,221.0,209.0,2025,Royal Challengers Bengaluru,Mumbai Indians,field,"Wankhede Stadium, Mumbai",Mumbai,430.0,12.0,False,2025
1473459,Punjab Kings,Chennai Super Kings,219.0,201.0,2025,Punjab Kings,Punjab Kings,bat,"Maharaja Yadavindra Singh International Cricket Stadium, Mullanpur",Mohali,420.0,18.0,False,2025
1473460,Gujarat Titans,Rajasthan Royals,217.0,159.0,2025,Gujarat Titans,Rajasthan Royals,field,"Narendra Modi Stadium, Ahmedabad",Ahmedabad,376.0,58.0,False,2025
1473461,Royal Challengers Bengaluru,Delhi Capitals,163.0,169.0,2025,Delhi Capitals,Delhi Capitals,field,"M Chinnaswamy Stadium, Bengaluru",Bengaluru,332.0,6.0,True,2025
1473462,Chennai Super Kings,Kolkata Knight Riders,103.0,107.0,2025,Kolkata Knight Riders,Kolkata Knight Riders,field,"MA Chidambaram Stadium, Chepauk, Chennai",Chennai,210.0,4.0,True,2025
1473463,Gujarat Titans,Lucknow Super Giants,180.0,186.0,2025,Lucknow Super Giants,Lucknow Super Giants,field,"Bharat Ratna Shri Atal Bihari Vajpayee Ekana Cricket Stadium, Lucknow",Lucknow,366.0,6.0,True,2025
1473464,Punjab Kings,Sunrisers Hyderabad,245.0,247.0,2025,Sunrisers Hyderabad,Punjab Kings,bat,"Rajiv Gandhi International Stadium, Uppal, Hyderabad",Hyderabad,492.0,2.0,True,2025
1473465,Rajasthan Royals,Royal Challengers Bengaluru,173.0,175.0,2025,Royal Challengers Bengaluru,Royal Challengers Bengaluru,field,"Sawai Mansingh Stadium, Jaipur",Jaipur,348.0,2.0,True,2025
1473466,Mumbai Indians,Delhi Capitals,205.0,193.0,2025,Mumbai Indians,Delhi Capitals,field,"Arun Jaitley Stadium, Delhi",Delhi,398.0,12.0,False,2025
1473467,Lucknow Super Giants,Chennai Super Kings,166.0,168.0,2025,Chennai Super Kings,Chennai Super Kings,field,"Bharat Ratna Shri Atal Bihari Vajpayee Ekana Cricket Stadium, Lucknow",Lucknow,334.0,2.0,True,2025
1473468,Punjab Kings,Kolkata Knight Riders,111.0,95.0,2025,Punjab Kings,Punjab Kings,bat,"Maharaja Yadavindra Singh International Cricket Stadium, Mullanpur",Mohali,206.0,16.0,False,2025
1473469,Delhi Capitals,Rajasthan Royals,188.0,188.0,2025,Unknown,Rajasthan Royals,field,"Arun Jaitley Stadium, Delhi",Delhi,376.0,0.0,False,2025
1473470,Sunrisers Hyderabad,Mumbai Indians,162.0,166.0,2025,Mumbai Indians,Mumbai Indians,field,"Wankhede Stadium, Mumbai",Mumbai,328.0,4.0,True,2025
1473471,Royal Challengers Bengaluru,Punjab Kings,95.0,98.0,2025,Punjab Kings,Punjab Kings,field,"M Chinnaswamy Stadium, Bengaluru",Bengaluru,193.0,3.0,True,2025
1473472,Delhi Capitals,Gujarat Titans,203.0,204.0,2025,Gujarat Titans,Gujarat Titans,field,"Narendra Modi Stadium, Ahmedabad",Ahmedabad,407.0,1.0,True,2025
1473473,Lucknow Super Giants,Rajasthan Royals,180.0,178.0,2025,Lucknow Super Giants,Lucknow Super Giants,bat,"Sawai Mansingh Stadium, Jaipur",Jaipur,358.0,2.0,False,2025
1473474,Punjab Kings,Royal Challengers Bengaluru,157.0,159.0,2025,Royal Challengers Bengaluru,Royal Challengers Bengaluru,field,"Maharaja Yadavindra Singh International Cricket Stadium, Mullanpur",Mohali,316.0,2.0,True,2025
1473475,Chennai Super Kings,Mumbai Indians,176.0,177.0,2025,Mumbai Indians,Mumbai Indians,field,"Wankhede Stadium, Mumbai",Mumbai,353.0,1.0,True,2025
1473476,Gujarat Titans,Kolkata Knight Riders,198.0,159.0,2025,Gujarat Titans,Kolkata Knight Riders,field,"Eden Gardens, Kolkata",Kolkata,357.0,39.0,False,2025
1473477,Lucknow Super Giants,Delhi Capitals,159.0,161.0,2025,Delhi Capitals,Delhi Capitals,field,"Bharat Ratna Shri Atal Bihari Vajpayee Ekana Cricket Stadium, Lucknow",Lucknow,320.0,2.0,True,2025
1473478,Sunrisers Hyderabad,Mumbai Indians,143.0,146.0,2025,Mumbai Indians,Mumbai Indians,field,"Rajiv Gandhi International Stadium, Uppal, Hyderabad",Hyderabad,289.0,3.0,True,2025
1473479,Royal Challengers Bengaluru,Rajasthan Royals,205.0,194.0,2025,Royal Challengers Bengaluru,Rajasthan Royals,field,"M Chinnaswamy Stadium, Bengaluru",Bengaluru,399.0,11.0,False,2025
1473480,Chennai Super Kings,Sunrisers Hyderabad,154.0,155.0,2025,Sunrisers Hyderabad,Sunrisers Hyderabad,field,"MA Chidambaram Stadium, Chepauk, Chennai",Chennai,309.0,1.0,True,2025
1473481,Punjab Kings,Kolkata Knight Riders,201.0,7.0,2025,Unknown,Punjab Kings,bat,"Eden Gardens, Kolkata",Kolkata,208.0,194.0,False,2025
1473482,Mumbai Indians,Lucknow Super Giants,215.0,161.0,2025,Mumbai Indians,Lucknow Super Giants,field,"Wankhede Stadium, Mumbai",Mumbai,376.0,54.0,False,2025
1473483,Delhi Capitals,Royal Challengers Bengaluru,162.0,165.0,2025,Royal Challengers Bengaluru,Royal Challengers Bengaluru,field,"Arun Jaitley Stadium, Delhi",Delhi,327.0,3.0,True,2025
1473484,Gujarat Titans,Rajasthan Royals,209.0,212.0,2025,Rajasthan Royals,Rajasthan Royals,field,"Sawai Mansingh Stadium, Jaipur",Jaipur,421.0,3.0,True,2025
1473485,Kolkata Knight Riders,Delhi Capitals,204.0,190.0,2025,Kolkata Knight Riders,Delhi Capitals,field,"Arun Jaitley Stadium, Delhi",Delhi,394.0,14.0,False,2025
1473486,Chennai Super Kings,Punjab Kings,190.0,194.0,2025,Punjab Kings,Punjab Kings,field,"MA Chidambaram Stadium, Chepauk, Chennai",Chennai,384.0,4.0,True,2025
1473487,Mumbai Indians,Rajasthan Royals,217.0,117.0,2025,Mumbai Indians,Rajasthan Royals,field,"Sawai Mansingh Stadium, Jaipur",Jaipur,334.0,100.0,False,2025
1473488,Gujarat Titans,Sunrisers Hyderabad,224.0,186.0,2025,Gujarat Titans,Sunrisers Hyderabad,field,"Narendra Modi Stadium, Ahmedabad",Ahmedabad,410.0,38.0,False,2025
1473489,Royal Challengers Bengaluru,Chennai Super Kings,213.0,211.0,2025,Royal Challengers Bengaluru,Chennai Super Kings,field,"M Chinnaswamy Stadium, Bengaluru",Bengaluru,424.0,2.0,False,2025
1473490,Kolkata Knight Riders,Rajasthan Royals,206.0,205.0,2025,Kolkata Knight Riders,Kolkata Knight Riders,bat,"Eden Gardens, Kolkata",Kolkata,411.0,1.0,False,2025
1473491,Punjab Kings,Lucknow Super Giants,236.0,199.0,2025,Punjab Kings,Lucknow Super Giants,field,"Himachal Pradesh Cricket Association Stadium, Dharamsala",Dharamsala,435.0,37.0,False,2025
1473492,Delhi Capitals,,133.0,,2025,Unknown,Sunrisers Hyderabad,field,"Rajiv Gandhi International Stadium, Uppal, Hyderabad",Hyderabad,,,False,2025
1473493,Mumbai Indians,Gujarat Titans,155.0,147.0,2025,Gujarat Titans,Gujarat Titans,field,"Wankhede Stadium, Mumbai",Mumbai,302.0,8.0,True,2025
1473494,Kolkata Knight Riders,Chennai Super Kings,179.0,183.0,2025,Chennai Super Kings,Kolkata Knight Riders,bat,"Eden Gardens, Kolkata",Kolkata,362.0,4.0,True,2025
1473495,Punjab Kings,,122.0,,2025,Unknown,Punjab Kings,bat,"Himachal Pradesh Cricket Association Stadium, Dharamsala",Dharamsala,,,False,2025
1473497,Punjab Kings,Rajasthan Royals,219.0,209.0,2025,Punjab Kings,Punjab Kings,bat,"Sawai Mansingh Stadium, Jaipur",Jaipur,428.0,10.0,False,2025
1473498,Delhi Capitals,Gujarat Titans,199.0,205.0,2025,Gujarat Titans,Gujarat Titans,field,"Arun Jaitley Stadium, Delhi",Delhi,404.0,6.0,True,2025
1473499,Lucknow Super Giants,Sunrisers Hyderabad,205.0,206.0,2025,Sunrisers Hyderabad,Sunrisers Hyderabad,field,"Bharat Ratna Shri Atal Bihari Vajpayee Ekana Cricket Stadium, Lucknow",Lucknow,411.0,1.0,True,2025
1473500,Chennai Super Kings,Rajasthan Royals,187.0,188.0,2025,Rajasthan Royals,Rajasthan Royals,field,"Arun Jaitley Stadium, Delhi",Delhi,375.0,1.0,True,2025
1473501,Mumbai Indians,Delhi Capitals,180.0,121.0,2025,Mumbai Indians,Delhi Capitals,field,"Wankhede Stadium, Mumbai",Mumbai,301.0,59.0,False,2025
1473502,Lucknow Super Giants,Gujarat Titans,235.0,202.0,2025,Lucknow Super Giants,Gujarat Titans,field,"Narendra Modi Stadium, Ahmedabad",Ahmedabad,437.0,33.0,False,2025
1473503,Sunrisers Hyderabad,Royal Challengers Bengaluru,231.0,189.0,2025,Sunrisers Hyderabad,Royal Challengers Bengaluru,field,"Bharat Ratna Shri Atal Bihari Vajpayee Ekana Cricket Stadium, Lucknow",Lucknow,420.0,42.0,False,2025
1473504,Chennai Super Kings,Gujarat Titans,230.0,147.0,2025,Chennai Super Kings,Chennai Super Kings,bat,"Narendra Modi Stadium, Ahmedabad",Ahmedabad,377.0,83.0,False,2025
1473505,Sunrisers Hyderabad,Kolkata Knight Riders,278.0,168.0,2025,Sunrisers Hyderabad,Sunrisers Hyderabad,bat,"Arun Jaitley Stadium, Delhi",Delhi,446.0,110.0,False,2025
1473506,Mumbai Indians,Punjab Kings,184.0,187.0,2025,Punjab Kings,Punjab Kings,field,"Sawai Mansingh Stadium, Jaipur",Jaipur,371.0,3.0,True,2025
1473507,Lucknow Super Giants,Royal Challengers Bengaluru,227.0,230.0,2025,Royal Challengers Bengaluru,Royal Challengers Bengaluru,field,"Bharat Ratna Shri Atal Bihari Vajpayee Ekana Cricket Stadium, Lucknow",Lucknow,457.0,3.0,True,2025
1473508,Punjab Kings,Royal Challengers Bengaluru,101.0,106.0,2025,Royal Challengers Bengaluru,Royal Challengers Bengaluru,field,"Maharaja Yadavindra Singh International Cricket Stadium, Mullanpur",New Chandigarh,207.0,5.0,True,2025
1473509,Mumbai Indians,Gujarat Titans,228.0,208.0,2025,Mumbai Indians,Mumbai Indians,bat,"Maharaja Yadavindra Singh International Cricket Stadium, New Chandigarh",New Chandigarh,436.0,20.0,False,2025
1473510,Mumbai Indians,Punjab Kings,203.0,207.0,2025,Punjab Kings,Punjab Kings,field,"Narendra Modi Stadium, Ahmedabad",Ahmedabad,410.0,4.0,True,2025
1473511,Royal Challengers Bengaluru,Punjab Kings,190.0,184.0,2025,Royal Challengers Bengaluru,Punjab Kings,field,"Narendra Modi Stadium, Ahmedabad",Ahmedabad,374.0,6.0,False,2025
1485779,Punjab Kings,Delhi Capitals,206.0,208.0,2025,Delhi Capitals,Delhi Capitals,field,"Sawai Mansingh Stadium, Jaipur",Jaipur,414.0,2.0,True,2025
